asset,model,slice,QLIKE_rel_HAR
AAPL,HAR,top_decile_realized_rv,1.0
AAPL,HARX,top_decile_realized_rv,1.3511404335634045
AAPL,RF,top_decile_realized_rv,1.3342267381809287
AAPL,NN,top_decile_realized_rv,1.3114867730510105
AAPL,LSTM,top_decile_realized_rv,1.3230697046589734
AAPL,logHAR,top_decile_realized_rv,1.4755679730377298
AAPL,EqualWeight,top_decile_realized_rv,1.2056837323556475
AAPL,QLIKEComb,top_decile_realized_rv,1.2898876426524628
AAPL,BestPrior,top_decile_realized_rv,1.3511404335634045
AAPL,logHAR_pooled,top_decile_realized_rv,1.4298669059443996
AAPL,RF_pooled,top_decile_realized_rv,1.5290166599913868
AAPL,NN_pooled,top_decile_realized_rv,1.2912685566516804
AAPL,HARX_macro,top_decile_realized_rv,1.364565757419354
AAPL,RF_macro,top_decile_realized_rv,1.361808176308507
AAPL,Median,top_decile_realized_rv,1.3016573269680547
AAPL,Trimmed,top_decile_realized_rv,1.2935029014523642
AAPL,EW_wo_HAR,top_decile_realized_rv,1.3090489378650991
AAPL,EW_wo_HARX,top_decile_realized_rv,1.176475132081732
AAPL,EW_wo_RF,top_decile_realized_rv,1.1882670536997864
AAPL,EW_wo_NN,top_decile_realized_rv,1.1866514654239182
AAPL,EW_wo_LSTM,top_decile_realized_rv,1.1892085252172604
JPM,HAR,top_decile_realized_rv,1.0
JPM,HARX,top_decile_realized_rv,1.3634664958082718
JPM,RF,top_decile_realized_rv,1.236874174114463
JPM,NN,top_decile_realized_rv,1.2713279677513605
JPM,LSTM,top_decile_realized_rv,1.355088616471265
JPM,logHAR,top_decile_realized_rv,1.509286745193145
JPM,EqualWeight,top_decile_realized_rv,1.1847068449019855
JPM,QLIKEComb,top_decile_realized_rv,1.254668027830517
JPM,BestPrior,top_decile_realized_rv,1.3634664958082718
JPM,logHAR_pooled,top_decile_realized_rv,1.5681708999589146
JPM,RF_pooled,top_decile_realized_rv,1.4753635345280212
JPM,NN_pooled,top_decile_realized_rv,1.3077444774084417
JPM,HARX_macro,top_decile_realized_rv,1.3947353231837167
JPM,RF_macro,top_decile_realized_rv,1.1639589447704457
JPM,Median,top_decile_realized_rv,1.2581854727544761
JPM,Trimmed,top_decile_realized_rv,1.2593399610269531
JPM,EW_wo_HAR,top_decile_realized_rv,1.2813577282064084
JPM,EW_wo_HARX,top_decile_realized_rv,1.1483009977365535
JPM,EW_wo_RF,top_decile_realized_rv,1.183011406771218
JPM,EW_wo_NN,top_decile_realized_rv,1.174445847291093
JPM,EW_wo_LSTM,top_decile_realized_rv,1.1575236167758336
IBM,HAR,top_decile_realized_rv,1.0
IBM,HARX,top_decile_realized_rv,0.8221710754699694
IBM,RF,top_decile_realized_rv,0.90705638589617
IBM,NN,top_decile_realized_rv,0.8342684481887699
IBM,LSTM,top_decile_realized_rv,0.8540309357830523
IBM,logHAR,top_decile_realized_rv,1.1040712877877124
IBM,EqualWeight,top_decile_realized_rv,0.8327101513655655
IBM,QLIKEComb,top_decile_realized_rv,0.8290006030250054
IBM,BestPrior,top_decile_realized_rv,0.8221710754699694
IBM,logHAR_pooled,top_decile_realized_rv,1.0918408367298618
IBM,RF_pooled,top_decile_realized_rv,0.9100759855114671
IBM,NN_pooled,top_decile_realized_rv,0.7902489745217633
IBM,HARX_macro,top_decile_realized_rv,0.840924660274369
IBM,RF_macro,top_decile_realized_rv,0.9206937153009481
IBM,Median,top_decile_realized_rv,0.8567447048651355
IBM,Trimmed,top_decile_realized_rv,0.8501389545203424
IBM,EW_wo_HAR,top_decile_realized_rv,0.8357988145109163
IBM,EW_wo_HARX,top_decile_realized_rv,0.8415117668407391
IBM,EW_wo_RF,top_decile_realized_rv,0.8220895774246176
IBM,EW_wo_NN,top_decile_realized_rv,0.8445650578926268
IBM,EW_wo_LSTM,top_decile_realized_rv,0.8338729148997991
BA,HAR,top_decile_realized_rv,1.0
BA,HARX,top_decile_realized_rv,0.9538282878067066
BA,RF,top_decile_realized_rv,1.1315458711240896
BA,NN,top_decile_realized_rv,0.8295056218705141
BA,LSTM,top_decile_realized_rv,0.8405552358059128
BA,logHAR,top_decile_realized_rv,1.2058029260583931
BA,EqualWeight,top_decile_realized_rv,0.8797402653957682
BA,QLIKEComb,top_decile_realized_rv,0.9197091976576639
BA,BestPrior,top_decile_realized_rv,0.9538282878067066
BA,logHAR_pooled,top_decile_realized_rv,1.1759647988505277
BA,RF_pooled,top_decile_realized_rv,1.058323927158679
BA,NN_pooled,top_decile_realized_rv,0.9082976427193654
BA,HARX_macro,top_decile_realized_rv,0.9632879786180882
BA,RF_macro,top_decile_realized_rv,1.1212350726489622
BA,Median,top_decile_realized_rv,0.8561470655782879
BA,Trimmed,top_decile_realized_rv,0.881107187907766
BA,EW_wo_HAR,top_decile_realized_rv,0.895487001404396
BA,EW_wo_HARX,top_decile_realized_rv,0.8672413853992973
BA,EW_wo_RF,top_decile_realized_rv,0.8478495466501257
BA,EW_wo_NN,top_decile_realized_rv,0.9060782594092726
BA,EW_wo_LSTM,top_decile_realized_rv,0.9018819604054109
PG,HAR,top_decile_realized_rv,1.0
PG,HARX,top_decile_realized_rv,0.8971805982939908
PG,RF,top_decile_realized_rv,0.9376546225261742
PG,NN,top_decile_realized_rv,0.9485986143890817
PG,LSTM,top_decile_realized_rv,0.878819110579871
PG,logHAR,top_decile_realized_rv,1.1183483916568104
PG,EqualWeight,top_decile_realized_rv,0.891971033231433
PG,QLIKEComb,top_decile_realized_rv,0.9057650876198996
PG,BestPrior,top_decile_realized_rv,1.0034502626729085
PG,logHAR_pooled,top_decile_realized_rv,1.1083255572818567
PG,RF_pooled,top_decile_realized_rv,1.0419520426297317
PG,NN_pooled,top_decile_realized_rv,0.8908884518100374
PG,HARX_macro,top_decile_realized_rv,0.8986770001684403
PG,RF_macro,top_decile_realized_rv,0.9270978652810926
PG,Median,top_decile_realized_rv,0.8751118301272038
PG,Trimmed,top_decile_realized_rv,0.8959636189518085
PG,EW_wo_HAR,top_decile_realized_rv,0.8931293243938393
PG,EW_wo_HARX,top_decile_realized_rv,0.8945663784793594
PG,EW_wo_RF,top_decile_realized_rv,0.8924618595480438
PG,EW_wo_NN,top_decile_realized_rv,0.8867165127846679
PG,EW_wo_LSTM,top_decile_realized_rv,0.9047320753221976
