sample,contrast,a,b,question,n_dates,n_assets,loss_a,loss_b,diff,diff_lo,diff_hi,nw_t,pooled_ratio,pooled_ratio_lo,pooled_ratio_hi,mean_ratio,mean_ratio_lo,mean_ratio_hi,assets_a_lower,dates_a_lower_share
all,target_scale,logHAR,HAR,"log-target OLS versus level OLS, same HAR regressors",851,5,0.1949039278142134,0.21208231637365904,-0.017178388559445604,-0.023268099524611927,-0.007934813922439908,-3.7401732716069387,0.9190013158420066,0.8765733600824142,0.9659089188698522,0.9212180466052539,0.8813819707218783,0.9653123367814417,4,0.72737955346651
all,features,HARX,logHAR,extra asset features in the same log-OLS,851,5,0.16844417849453708,0.1949039278142134,-0.02645974931967634,-0.038728249352242373,-0.017393899424352845,-5.042167571584649,0.8642420929305318,0.8272785299252637,0.8969066140671671,0.8648819522493154,0.8302095900516137,0.8982454854825692,5,0.6462984723854289
all,nonlinear_RF,RF,HARX,random forest versus log-OLS on the same features,851,5,0.17686597135797752,0.16844417849453708,0.008421792863440435,0.0010652285993628524,0.014774200444014483,2.66792491426386,1.0499975299752706,1.0058519851118013,1.0963383368274853,1.0489727477503539,1.006998145974589,1.0945324190686554,1,0.40658049353701525
all,nonlinear_NN,NN,HARX,feed-forward net versus log-OLS on the same features,851,5,0.1676743145285659,0.16844417849453708,-0.0007698639659711588,-0.0045280002359632445,0.0018113468070846835,-0.45242361562478,0.9954295602682633,0.9718530361200025,1.0096477907201569,0.9964627951363869,0.9780130686108732,1.0094795464764943,3,0.47591069330199764
all,nonlinear_LSTM,LSTM,HARX,LSTM versus log-OLS on the same features,851,5,0.16754567811374677,0.16844417849453708,-0.0008985003807903204,-0.005906465427130944,0.002458973965367288,-0.4094736735183473,0.9946658864151874,0.969120792103471,1.0161793770150007,0.9953223294655158,0.9723812912468968,1.0169688909431065,4,0.47238542890716806
all,pooling_logHAR,logHAR_pooled,logHAR,pooled across assets versus asset-specific,851,5,0.19468949926601847,0.1949039278142134,-0.00021442854819494304,-0.0012543618697823987,0.0007151486789621122,-0.3876004609442478,0.9988998243873294,0.9933023064501917,1.003714689178884,0.9991909518597826,0.9945817990179753,1.0039288393051236,3,0.4007050528789659
all,pooling_RF,RF_pooled,RF,pooled across assets versus asset-specific,851,5,0.17570219348135402,0.17686597135797752,-0.0011637778766234788,-0.005980001881839049,0.005371310851109936,-0.3928180725223792,0.9934200012151122,0.9639224396953905,1.0261450341844058,0.9941012293490491,0.9673044137327879,1.0228950950915907,2,0.6227967097532315
all,pooling_NN,NN_pooled,NN,pooled across assets versus asset-specific,851,5,0.16597181209007203,0.1676743145285659,-0.0017025024384939075,-0.0055005926132691545,0.0026504905262899653,-0.8391869148540718,0.9898463730519451,0.972548399393975,1.017695091045325,0.9899930811043361,0.9748431180759194,1.0143694246771886,2,0.54524089306698
all,averaging_vs_selection,EqualWeight,BestPrior,the protocol's primary question,851,5,0.17073963764572114,0.17379941776013202,-0.0030597801144108838,-0.008601699662248734,0.0004073521678491562,-1.3429397857037342,0.9823947619972248,0.9602777263374033,1.0027806973531934,0.9859363188430311,0.9678129794979715,1.0054010373102282,2,0.408930669800235
all,averaging_vs_members,EqualWeight,MeanMemberLoss,averaging forecasts versus the members' mean loss,851,5,0.17073963764572114,0.17852249177369725,-0.007782854127976119,-0.00913161009933189,-0.006698104727863842,-12.550378694025335,0.9564040695900549,0.9463889493702763,0.9638593180252532,0.9566961110821138,0.9462718278726076,0.9637280873542114,5,0.9212690951821386
all,protection_drop_HAR,EW_wo_HAR,EqualWeight,equal weights without the level-HAR member,851,5,0.166820859856465,0.17073963764572114,-0.00391877778925613,-0.006147072343635697,-0.0015512667332318582,-3.1779284524267575,0.9770482247514929,0.9645570452723424,0.9905824377394418,0.9767049343617907,0.9640286091367215,0.9892277397180809,5,0.690951821386604
all,protection_median,Median,EqualWeight,median of the five members,851,5,0.16761492404200767,0.17073963764572114,-0.0031247136037134454,-0.005109161054397286,-0.0010943894337064482,-2.9100669473304372,0.9816989561018213,0.9704790518581347,0.9932890772841979,0.9816392114527289,0.9707301898765391,0.9920668861151845,5,0.6768507638072856
all,protection_trimmed,Trimmed,EqualWeight,mean after dropping the extreme members,851,5,0.16842975189478218,0.17073963764572114,-0.002309885750938962,-0.0038649978755450594,-0.0006599490780233054,-2.702832190254485,0.9864712975686882,0.9766384596215099,0.9963839509305412,0.986181702761133,0.9765504237034741,0.9948241680375427,5,0.6956521739130435
all,context_pooled_NN,EqualWeight,NN_pooled,equal weights versus the pooled net,851,5,0.17073963764572114,0.16597181209007203,0.004767825555649126,0.001755750386349895,0.00718801162349366,3.228889604631175,1.02872671868559,1.01056119486274,1.0428461648545322,1.0290612529939138,1.0113961844083235,1.043984644744934,0,0.34782608695652173
all,context_logHAR,EqualWeight,logHAR,equal weights versus log-HAR,851,5,0.17073963764572114,0.1949039278142134,-0.024164290168492274,-0.037492504118871166,-0.01587456201552533,-4.442579372746432,0.8760194807796476,0.8416383029881338,0.9039534970510373,0.8769436358867078,0.8440568054519039,0.9066105163248895,5,0.5699177438307873
all,context_pooled_logHAR,EqualWeight,logHAR_pooled,equal weights versus pooled log-HAR,851,5,0.17073963764572114,0.19468949926601847,-0.02394986162029733,-0.03739134832392175,-0.015483070075462933,-4.395895110732009,0.8769843175384981,0.8411939806668183,0.905749207618561,0.8776268100002204,0.843597810435914,0.9078436386721433,5,0.5793184488836662
