asset,year,model,rows,QLIKE_rel
BTCUSDT,2024,HAR,366,1.0
BTCUSDT,2024,HARX,366,0.7764744393052976
BTCUSDT,2024,RF,366,0.8053600999112667
BTCUSDT,2024,NN,366,0.7498689551174457
BTCUSDT,2024,LSTM,366,0.778094061954068
BTCUSDT,2024,logHAR,366,0.8534781055804713
BTCUSDT,2024,EqualWeight,366,0.7603062126357633
BTCUSDT,2024,QLIKEComb,366,0.7652631815328429
BTCUSDT,2024,BestPrior,366,0.7764744393052976
BTCUSDT,2024,logHAR_pooled,366,0.8372603496403451
BTCUSDT,2024,RF_pooled,366,0.8184665445377864
BTCUSDT,2024,NN_pooled,366,0.7565180649355746
BTCUSDT,2024,Median,366,0.7506783038531072
BTCUSDT,2024,Trimmed,366,0.7574910962946444
BTCUSDT,2024,EW_wo_HAR,366,0.7618215826017756
BTCUSDT,2024,EW_wo_HARX,366,0.767555085063417
BTCUSDT,2024,EW_wo_RF,366,0.7657233959688949
BTCUSDT,2024,EW_wo_NN,366,0.7722818843611367
BTCUSDT,2024,EW_wo_LSTM,366,0.766136870034267
BTCUSDT,2025,HAR,365,1.0
BTCUSDT,2025,HARX,365,0.7084606572013505
BTCUSDT,2025,RF,365,0.6934688422119198
BTCUSDT,2025,NN,365,0.7008829669941712
BTCUSDT,2025,LSTM,365,0.7024504217047782
BTCUSDT,2025,logHAR,365,0.728482206827038
BTCUSDT,2025,EqualWeight,365,0.7146034508534277
BTCUSDT,2025,QLIKEComb,365,0.7236995391395238
BTCUSDT,2025,BestPrior,365,0.7084606572013505
BTCUSDT,2025,logHAR_pooled,365,0.7338293153479449
BTCUSDT,2025,RF_pooled,365,0.7445184706439183
BTCUSDT,2025,NN_pooled,365,0.7207465709066782
BTCUSDT,2025,Median,365,0.6842199591344034
BTCUSDT,2025,Trimmed,365,0.6916619792209991
BTCUSDT,2025,EW_wo_HAR,365,0.688278903345602
BTCUSDT,2025,EW_wo_HARX,365,0.7250949562131677
BTCUSDT,2025,EW_wo_RF,365,0.7301497778873385
BTCUSDT,2025,EW_wo_NN,365,0.7266749209463315
BTCUSDT,2025,EW_wo_LSTM,365,0.7286454680214954
BTCUSDT,2026,HAR,242,1.0
BTCUSDT,2026,HARX,242,0.6102171527048945
BTCUSDT,2026,RF,242,0.5922185939614827
BTCUSDT,2026,NN,242,0.5917622283094938
BTCUSDT,2026,LSTM,242,0.5810350766479503
BTCUSDT,2026,logHAR,242,0.6634145784708863
BTCUSDT,2026,EqualWeight,242,0.6137808617449927
BTCUSDT,2026,QLIKEComb,242,0.5956247178738863
BTCUSDT,2026,BestPrior,242,0.6040815300561311
BTCUSDT,2026,logHAR_pooled,242,0.6681487602637343
BTCUSDT,2026,RF_pooled,242,0.626967229354695
BTCUSDT,2026,NN_pooled,242,0.61017570198363
BTCUSDT,2026,Median,242,0.5750175433063697
BTCUSDT,2026,Trimmed,242,0.5839547760528
BTCUSDT,2026,EW_wo_HAR,242,0.5763354134208077
BTCUSDT,2026,EW_wo_HARX,242,0.6278483594179035
BTCUSDT,2026,EW_wo_RF,242,0.6346861878369114
BTCUSDT,2026,EW_wo_NN,242,0.63105443843922
BTCUSDT,2026,EW_wo_LSTM,242,0.6358139333197876
ETHUSDT,2024,HAR,366,1.0
ETHUSDT,2024,HARX,366,0.8133741439886027
ETHUSDT,2024,RF,366,0.8756366653496057
ETHUSDT,2024,NN,366,0.7349974416779292
ETHUSDT,2024,LSTM,366,0.8066134298304112
ETHUSDT,2024,logHAR,366,0.8630948967821171
ETHUSDT,2024,EqualWeight,366,0.7494684013981885
ETHUSDT,2024,QLIKEComb,366,0.8067407991418808
ETHUSDT,2024,BestPrior,366,0.8066134298304112
ETHUSDT,2024,logHAR_pooled,366,0.8115060642293598
ETHUSDT,2024,RF_pooled,366,0.8186265620852833
ETHUSDT,2024,NN_pooled,366,0.7386149427441371
ETHUSDT,2024,Median,366,0.7678910750013049
ETHUSDT,2024,Trimmed,366,0.7752112302048506
ETHUSDT,2024,EW_wo_HAR,366,0.7884086494761908
ETHUSDT,2024,EW_wo_HARX,366,0.750322927828063
ETHUSDT,2024,EW_wo_RF,366,0.7469196895652491
ETHUSDT,2024,EW_wo_NN,366,0.7617694689099526
ETHUSDT,2024,EW_wo_LSTM,366,0.7524032707024559
ETHUSDT,2025,HAR,365,1.0
ETHUSDT,2025,HARX,365,0.8795628319982496
ETHUSDT,2025,RF,365,0.8810490685532295
ETHUSDT,2025,NN,365,0.8759921868682878
ETHUSDT,2025,LSTM,365,0.8510092735523255
ETHUSDT,2025,logHAR,365,0.9387104696670179
ETHUSDT,2025,EqualWeight,365,0.859106925819767
ETHUSDT,2025,QLIKEComb,365,0.860314285070995
ETHUSDT,2025,BestPrior,365,0.861511092174458
ETHUSDT,2025,logHAR_pooled,365,0.9236274314565964
ETHUSDT,2025,RF_pooled,365,0.8852888574600576
ETHUSDT,2025,NN_pooled,365,0.8786578587974476
ETHUSDT,2025,Median,365,0.8621984570978065
ETHUSDT,2025,Trimmed,365,0.8624482704802313
ETHUSDT,2025,EW_wo_HAR,365,0.8622076084745042
ETHUSDT,2025,EW_wo_HARX,365,0.8600078968417171
ETHUSDT,2025,EW_wo_RF,365,0.8602662495779703
ETHUSDT,2025,EW_wo_NN,365,0.8614218668862702
ETHUSDT,2025,EW_wo_LSTM,365,0.8683116180004786
ETHUSDT,2026,HAR,242,1.0
ETHUSDT,2026,HARX,242,0.7386176179941739
ETHUSDT,2026,RF,242,0.8097051803736145
ETHUSDT,2026,NN,242,0.752956006988399
ETHUSDT,2026,LSTM,242,0.7468776810898806
ETHUSDT,2026,logHAR,242,0.7667373663266457
ETHUSDT,2026,EqualWeight,242,0.7241897466682105
ETHUSDT,2026,QLIKEComb,242,0.7403333249422808
ETHUSDT,2026,BestPrior,242,0.7468776810898806
ETHUSDT,2026,logHAR_pooled,242,0.7681989177561287
ETHUSDT,2026,RF_pooled,242,0.7728922809738703
ETHUSDT,2026,NN_pooled,242,0.7399216445434583
ETHUSDT,2026,Median,242,0.7438967885449923
ETHUSDT,2026,Trimmed,242,0.7340099195764558
ETHUSDT,2026,EW_wo_HAR,242,0.7434833645026376
ETHUSDT,2026,EW_wo_HARX,242,0.7317420740043065
ETHUSDT,2026,EW_wo_RF,242,0.7327658856932387
ETHUSDT,2026,EW_wo_NN,242,0.7295454557602863
ETHUSDT,2026,EW_wo_LSTM,242,0.7328209385010878
BNBUSDT,2024,HAR,366,1.0
BNBUSDT,2024,HARX,366,0.6781507846479985
BNBUSDT,2024,RF,366,0.7122967360680276
BNBUSDT,2024,NN,366,0.6448299506790801
BNBUSDT,2024,LSTM,366,0.6499204246370752
BNBUSDT,2024,logHAR,366,0.7137617585237216
BNBUSDT,2024,EqualWeight,366,0.6756473711619794
BNBUSDT,2024,QLIKEComb,366,0.6758546077908761
BNBUSDT,2024,BestPrior,366,0.6781507846479985
BNBUSDT,2024,logHAR_pooled,366,0.6997170233497256
BNBUSDT,2024,RF_pooled,366,0.667417916730454
BNBUSDT,2024,NN_pooled,366,0.6482097969531673
BNBUSDT,2024,Median,366,0.6523530618188674
BNBUSDT,2024,Trimmed,366,0.6513568155635124
BNBUSDT,2024,EW_wo_HAR,366,0.6528242675410285
BNBUSDT,2024,EW_wo_HARX,366,0.6891050445024264
BNBUSDT,2024,EW_wo_RF,366,0.6889034882341647
BNBUSDT,2024,EW_wo_NN,366,0.6894244407795844
BNBUSDT,2024,EW_wo_LSTM,366,0.6917368406564554
BNBUSDT,2025,HAR,365,1.0
BNBUSDT,2025,HARX,365,1.0798577504995295
BNBUSDT,2025,RF,365,0.6190516751247259
BNBUSDT,2025,NN,365,0.7445193923342021
BNBUSDT,2025,LSTM,365,0.6249342199637249
BNBUSDT,2025,logHAR,365,0.6711582890321489
BNBUSDT,2025,EqualWeight,365,0.6724167412731323
BNBUSDT,2025,QLIKEComb,365,0.6243421546141298
BNBUSDT,2025,BestPrior,365,1.078249359212714
BNBUSDT,2025,logHAR_pooled,365,0.675349733668744
BNBUSDT,2025,RF_pooled,365,0.692143974321015
BNBUSDT,2025,NN_pooled,365,0.6650085314043732
BNBUSDT,2025,Median,365,0.6307190309263275
BNBUSDT,2025,Trimmed,365,0.6261529930780363
BNBUSDT,2025,EW_wo_HAR,365,0.614566285219455
BNBUSDT,2025,EW_wo_HARX,365,0.6909819872440164
BNBUSDT,2025,EW_wo_RF,365,0.6910233391668453
BNBUSDT,2025,EW_wo_NN,365,0.6882984581688929
BNBUSDT,2025,EW_wo_LSTM,365,0.6942388005020229
BNBUSDT,2026,HAR,242,1.0
BNBUSDT,2026,HARX,242,0.37081155864386217
BNBUSDT,2026,RF,242,0.35131238868590037
BNBUSDT,2026,NN,242,0.36538283519908604
BNBUSDT,2026,LSTM,242,0.3921113769979736
BNBUSDT,2026,logHAR,242,0.3866433914122784
BNBUSDT,2026,EqualWeight,242,0.44069589418714245
BNBUSDT,2026,QLIKEComb,242,0.3595225573959787
BNBUSDT,2026,BestPrior,242,0.35131238868590037
BNBUSDT,2026,logHAR_pooled,242,0.3871514867634097
BNBUSDT,2026,RF_pooled,242,0.3763932310340391
BNBUSDT,2026,NN_pooled,242,0.3687079055510899
BNBUSDT,2026,Median,242,0.35947847334861555
BNBUSDT,2026,Trimmed,242,0.3605668366169378
BNBUSDT,2026,EW_wo_HAR,242,0.3596015257473776
BNBUSDT,2026,EW_wo_HARX,242,0.47247550949059935
BNBUSDT,2026,EW_wo_RF,242,0.478602842876912
BNBUSDT,2026,EW_wo_NN,242,0.47030582207101385
BNBUSDT,2026,EW_wo_LSTM,242,0.466418753694827
XRPUSDT,2024,HAR,366,1.0
XRPUSDT,2024,HARX,366,0.950479617926753
XRPUSDT,2024,RF,366,0.8826680745728651
XRPUSDT,2024,NN,366,0.8595551472595906
XRPUSDT,2024,LSTM,366,0.8609226969960574
XRPUSDT,2024,logHAR,366,1.0180731038933357
XRPUSDT,2024,EqualWeight,366,0.8526633537255138
XRPUSDT,2024,QLIKEComb,366,0.8603296631168709
XRPUSDT,2024,BestPrior,366,0.8609226969960574
XRPUSDT,2024,logHAR_pooled,366,1.0157568976532994
XRPUSDT,2024,RF_pooled,366,1.0477503296614579
XRPUSDT,2024,NN_pooled,366,0.9211161177891033
XRPUSDT,2024,Median,366,0.8362194013207376
XRPUSDT,2024,Trimmed,366,0.8527510637783262
XRPUSDT,2024,EW_wo_HAR,366,0.869081483465618
XRPUSDT,2024,EW_wo_HARX,366,0.8447951208558426
XRPUSDT,2024,EW_wo_RF,366,0.8591691935745503
XRPUSDT,2024,EW_wo_NN,366,0.8586269298762773
XRPUSDT,2024,EW_wo_LSTM,366,0.8575162919218756
XRPUSDT,2025,HAR,365,1.0
XRPUSDT,2025,HARX,365,0.9889325071453021
XRPUSDT,2025,RF,365,0.9751669915550657
XRPUSDT,2025,NN,365,0.9764566679827803
XRPUSDT,2025,LSTM,365,0.9738943798177506
XRPUSDT,2025,logHAR,365,1.096974113985549
XRPUSDT,2025,EqualWeight,365,0.9518729260627175
XRPUSDT,2025,QLIKEComb,365,0.9458033795127958
XRPUSDT,2025,BestPrior,365,0.9738943798177506
XRPUSDT,2025,logHAR_pooled,365,1.1113408427968945
XRPUSDT,2025,RF_pooled,365,1.0763800877665963
XRPUSDT,2025,NN_pooled,365,1.022743682227173
XRPUSDT,2025,Median,365,0.9801178120322378
XRPUSDT,2025,Trimmed,365,0.9727857597167165
XRPUSDT,2025,EW_wo_HAR,365,0.9671994216403204
XRPUSDT,2025,EW_wo_HARX,365,0.9481749985093517
XRPUSDT,2025,EW_wo_RF,365,0.9509143852814386
XRPUSDT,2025,EW_wo_NN,365,0.9511802060474649
XRPUSDT,2025,EW_wo_LSTM,365,0.9544738538996643
XRPUSDT,2026,HAR,242,1.0
XRPUSDT,2026,HARX,242,0.5542002910663529
XRPUSDT,2026,RF,242,0.6064960615137012
XRPUSDT,2026,NN,242,0.5558684675788309
XRPUSDT,2026,LSTM,242,0.5934668148935014
XRPUSDT,2026,logHAR,242,0.6069551265419499
XRPUSDT,2026,EqualWeight,242,0.6373052110507481
XRPUSDT,2026,QLIKEComb,242,0.688304782286241
XRPUSDT,2026,BestPrior,242,0.5934668148935014
XRPUSDT,2026,logHAR_pooled,242,0.6012986546490896
XRPUSDT,2026,RF_pooled,242,0.5252899978804064
XRPUSDT,2026,NN_pooled,242,0.521276771343607
XRPUSDT,2026,Median,242,0.5870605375284499
XRPUSDT,2026,Trimmed,242,0.5902682201774166
XRPUSDT,2026,EW_wo_HAR,242,0.5649384886034793
XRPUSDT,2026,EW_wo_HARX,242,0.6672504656110481
XRPUSDT,2026,EW_wo_RF,242,0.6498303937631861
XRPUSDT,2026,EW_wo_NN,242,0.6636235671379663
XRPUSDT,2026,EW_wo_LSTM,242,0.6515333344690678
ADAUSDT,2024,HAR,366,1.0
ADAUSDT,2024,HARX,366,0.85836132972547
ADAUSDT,2024,RF,366,1.007054350293423
ADAUSDT,2024,NN,366,0.8012628842191537
ADAUSDT,2024,LSTM,366,0.8315964241874332
ADAUSDT,2024,logHAR,366,0.9106235424727227
ADAUSDT,2024,EqualWeight,366,0.7876723302399424
ADAUSDT,2024,QLIKEComb,366,0.9809573704659675
ADAUSDT,2024,BestPrior,366,0.9736741267279679
ADAUSDT,2024,logHAR_pooled,366,0.876455663490759
ADAUSDT,2024,RF_pooled,366,0.875047411650236
ADAUSDT,2024,NN_pooled,366,0.8042923076367177
ADAUSDT,2024,Median,366,0.8202790500283803
ADAUSDT,2024,Trimmed,366,0.8175418282694746
ADAUSDT,2024,EW_wo_HAR,366,0.8418318576359033
ADAUSDT,2024,EW_wo_HARX,366,0.7888543304711509
ADAUSDT,2024,EW_wo_RF,366,0.7779202755091883
ADAUSDT,2024,EW_wo_NN,366,0.7945803574620143
ADAUSDT,2024,EW_wo_LSTM,366,0.7911890143755155
ADAUSDT,2025,HAR,365,1.0
ADAUSDT,2025,HARX,365,1.4089028140101647
ADAUSDT,2025,RF,365,1.152363225623532
ADAUSDT,2025,NN,365,1.3347111176608504
ADAUSDT,2025,LSTM,365,1.2137265492860696
ADAUSDT,2025,logHAR,365,1.2272265052261708
ADAUSDT,2025,EqualWeight,365,1.1481803641896648
ADAUSDT,2025,QLIKEComb,365,1.2742822206112734
ADAUSDT,2025,BestPrior,365,1.334021653934084
ADAUSDT,2025,logHAR_pooled,365,1.2467802039874152
ADAUSDT,2025,RF_pooled,365,1.3548601003322462
ADAUSDT,2025,NN_pooled,365,1.1986829386797266
ADAUSDT,2025,Median,365,1.2102720385891519
ADAUSDT,2025,Trimmed,365,1.186726540015398
ADAUSDT,2025,EW_wo_HAR,365,1.2164690118814827
ADAUSDT,2025,EW_wo_HARX,365,1.1374632769685453
ADAUSDT,2025,EW_wo_RF,365,1.1498594981938186
ADAUSDT,2025,EW_wo_NN,365,1.1128806768238082
ADAUSDT,2025,EW_wo_LSTM,365,1.1369298987361316
ADAUSDT,2026,HAR,242,1.0
ADAUSDT,2026,HARX,242,0.38055283268041307
ADAUSDT,2026,RF,242,0.389407278173909
ADAUSDT,2026,NN,242,0.3949118791599832
ADAUSDT,2026,LSTM,242,0.3970510685698019
ADAUSDT,2026,logHAR,242,0.3969167148798141
ADAUSDT,2026,EqualWeight,242,0.46632104942089697
ADAUSDT,2026,QLIKEComb,242,0.46419963409879983
ADAUSDT,2026,BestPrior,242,0.389407278173909
ADAUSDT,2026,logHAR_pooled,242,0.395854827074459
ADAUSDT,2026,RF_pooled,242,0.36624540020683116
ADAUSDT,2026,NN_pooled,242,0.36764789246267365
ADAUSDT,2026,Median,242,0.38755479070218507
ADAUSDT,2026,Trimmed,242,0.3915603144739314
ADAUSDT,2026,EW_wo_HAR,242,0.38204613228382645
ADAUSDT,2026,EW_wo_HARX,242,0.49840184517650454
ADAUSDT,2026,EW_wo_RF,242,0.49720151812404273
ADAUSDT,2026,EW_wo_NN,242,0.4894251017383237
ADAUSDT,2026,EW_wo_LSTM,242,0.4973075048996643
LTCUSDT,2024,HAR,366,1.0
LTCUSDT,2024,HARX,366,0.788301000596708
LTCUSDT,2024,RF,366,0.8180965887711106
LTCUSDT,2024,NN,366,0.7729976050962478
LTCUSDT,2024,LSTM,366,0.780133576021143
LTCUSDT,2024,logHAR,366,0.8151277798972598
LTCUSDT,2024,EqualWeight,366,0.7732445761646127
LTCUSDT,2024,QLIKEComb,366,0.7918256048655088
LTCUSDT,2024,BestPrior,366,0.788301000596708
LTCUSDT,2024,logHAR_pooled,366,0.8082805055154232
LTCUSDT,2024,RF_pooled,366,0.7905656603108093
LTCUSDT,2024,NN_pooled,366,0.7664009392249016
LTCUSDT,2024,Median,366,0.7739187770547198
LTCUSDT,2024,Trimmed,366,0.7693313549738149
LTCUSDT,2024,EW_wo_HAR,366,0.7762043738780653
LTCUSDT,2024,EW_wo_HARX,366,0.7819946493657176
LTCUSDT,2024,EW_wo_RF,366,0.7811288533737194
LTCUSDT,2024,EW_wo_NN,366,0.7793033815867673
LTCUSDT,2024,EW_wo_LSTM,366,0.7783152054793201
LTCUSDT,2025,HAR,365,1.0
LTCUSDT,2025,HARX,365,1.2401544340085058
LTCUSDT,2025,RF,365,0.7996877324468695
LTCUSDT,2025,NN,365,1.3014324866128282
LTCUSDT,2025,LSTM,365,0.8061435560795827
LTCUSDT,2025,logHAR,365,0.8729257811192852
LTCUSDT,2025,EqualWeight,365,0.8527588856066779
LTCUSDT,2025,QLIKEComb,365,0.841447439364719
LTCUSDT,2025,BestPrior,365,1.2407924279791545
LTCUSDT,2025,logHAR_pooled,365,0.8732483815343102
LTCUSDT,2025,RF_pooled,365,0.8554405834121188
LTCUSDT,2025,NN_pooled,365,0.8837481694976735
LTCUSDT,2025,Median,365,0.8477241307294362
LTCUSDT,2025,Trimmed,365,0.830127303933576
LTCUSDT,2025,EW_wo_HAR,365,0.8299245075077389
LTCUSDT,2025,EW_wo_HARX,365,0.8579722247941187
LTCUSDT,2025,EW_wo_RF,365,0.8707966878092311
LTCUSDT,2025,EW_wo_NN,365,0.8448570034606018
LTCUSDT,2025,EW_wo_LSTM,365,0.8692573168798797
LTCUSDT,2026,HAR,242,1.0
LTCUSDT,2026,HARX,242,0.3166912088305806
LTCUSDT,2026,RF,242,0.3178341768849102
LTCUSDT,2026,NN,242,0.3882394833247328
LTCUSDT,2026,LSTM,242,0.364957947586778
LTCUSDT,2026,logHAR,242,0.3228437802857132
LTCUSDT,2026,EqualWeight,242,0.4586629670484556
LTCUSDT,2026,QLIKEComb,242,0.3279903856339488
LTCUSDT,2026,BestPrior,242,0.3178341768849102
LTCUSDT,2026,logHAR_pooled,242,0.3194466290627348
LTCUSDT,2026,RF_pooled,242,0.3004839690254067
LTCUSDT,2026,NN_pooled,242,0.3085989599457265
LTCUSDT,2026,Median,242,0.3586973935986735
LTCUSDT,2026,Trimmed,242,0.3562289725147431
LTCUSDT,2026,EW_wo_HAR,242,0.3400229165891729
LTCUSDT,2026,EW_wo_HARX,242,0.5030128917659578
LTCUSDT,2026,EW_wo_RF,242,0.5000511274537657
LTCUSDT,2026,EW_wo_NN,242,0.4789935087295452
LTCUSDT,2026,EW_wo_LSTM,242,0.48757884010275704
TRXUSDT,2024,HAR,366,1.0
TRXUSDT,2024,HARX,366,0.4313370684378055
TRXUSDT,2024,RF,366,0.5273807626903121
TRXUSDT,2024,NN,366,0.41655578890428274
TRXUSDT,2024,LSTM,366,0.42651812050673704
TRXUSDT,2024,logHAR,366,0.4736387753708661
TRXUSDT,2024,EqualWeight,366,0.4952395357794561
TRXUSDT,2024,QLIKEComb,366,0.42404362694837866
TRXUSDT,2024,BestPrior,366,0.4313370684378055
TRXUSDT,2024,logHAR_pooled,366,0.4518883673781298
TRXUSDT,2024,RF_pooled,366,0.41653127265502243
TRXUSDT,2024,NN_pooled,366,0.41649467278951574
TRXUSDT,2024,Median,366,0.4184711406886449
TRXUSDT,2024,Trimmed,366,0.41470877584209626
TRXUSDT,2024,EW_wo_HAR,366,0.4228878332908334
TRXUSDT,2024,EW_wo_HARX,366,0.5339456685473629
TRXUSDT,2024,EW_wo_RF,366,0.5309031554197327
TRXUSDT,2024,EW_wo_NN,366,0.5269922101384116
TRXUSDT,2024,EW_wo_LSTM,366,0.5210946748578648
TRXUSDT,2025,HAR,365,1.0
TRXUSDT,2025,HARX,365,0.40019190412953654
TRXUSDT,2025,RF,365,0.4539937582049044
TRXUSDT,2025,NN,365,0.39372853402639574
TRXUSDT,2025,LSTM,365,0.4067011691065272
TRXUSDT,2025,logHAR,365,0.40933567011913485
TRXUSDT,2025,EqualWeight,365,0.45725313658521183
TRXUSDT,2025,QLIKEComb,365,0.39767104436050194
TRXUSDT,2025,BestPrior,365,0.40019190412953654
TRXUSDT,2025,logHAR_pooled,365,0.40054117352982255
TRXUSDT,2025,RF_pooled,365,0.3786088645192411
TRXUSDT,2025,NN_pooled,365,0.3829141283936713
TRXUSDT,2025,Median,365,0.4035401229312602
TRXUSDT,2025,Trimmed,365,0.4018316219702519
TRXUSDT,2025,EW_wo_HAR,365,0.4049982660497192
TRXUSDT,2025,EW_wo_HARX,365,0.4878603464811258
TRXUSDT,2025,EW_wo_RF,365,0.48551437296861877
TRXUSDT,2025,EW_wo_NN,365,0.4866817512374269
TRXUSDT,2025,EW_wo_LSTM,365,0.48528010155383794
TRXUSDT,2026,HAR,242,1.0
TRXUSDT,2026,HARX,242,0.10714680823026469
TRXUSDT,2026,RF,242,0.21109312400822308
TRXUSDT,2026,NN,242,0.14575033491064696
TRXUSDT,2026,LSTM,242,0.18397665267940305
TRXUSDT,2026,logHAR,242,0.1152536112302574
TRXUSDT,2026,EqualWeight,242,0.3624221224273011
TRXUSDT,2026,QLIKEComb,242,0.11728180512578162
TRXUSDT,2026,BestPrior,242,0.10714680823026469
TRXUSDT,2026,logHAR_pooled,242,0.12980730019817793
TRXUSDT,2026,RF_pooled,242,0.13323033742637203
TRXUSDT,2026,NN_pooled,242,0.13033820222155681
TRXUSDT,2026,Median,242,0.1661509074468703
TRXUSDT,2026,Trimmed,242,0.1766999016664245
TRXUSDT,2026,EW_wo_HAR,242,0.15525870577853126
TRXUSDT,2026,EW_wo_HARX,242,0.43009207385643067
TRXUSDT,2026,EW_wo_RF,242,0.3996915010956092
TRXUSDT,2026,EW_wo_NN,242,0.4174806902310362
TRXUSDT,2026,EW_wo_LSTM,242,0.4081666069624665
XLMUSDT,2024,HAR,366,1.0
XLMUSDT,2024,HARX,366,0.7793061031932347
XLMUSDT,2024,RF,366,0.7870073115376898
XLMUSDT,2024,NN,366,0.7375630491977938
XLMUSDT,2024,LSTM,366,0.7254848417599493
XLMUSDT,2024,logHAR,366,0.8225892623333099
XLMUSDT,2024,EqualWeight,366,0.7352735016361671
XLMUSDT,2024,QLIKEComb,366,0.7374990873646357
XLMUSDT,2024,BestPrior,366,0.7254848417599493
XLMUSDT,2024,logHAR_pooled,366,0.8123841174878809
XLMUSDT,2024,RF_pooled,366,0.8307862282789248
XLMUSDT,2024,NN_pooled,366,0.749774754310357
XLMUSDT,2024,Median,366,0.7465977201447017
XLMUSDT,2024,Trimmed,366,0.735986886509838
XLMUSDT,2024,EW_wo_HAR,366,0.7416747415178178
XLMUSDT,2024,EW_wo_HARX,366,0.7400629335063126
XLMUSDT,2024,EW_wo_RF,366,0.7436014212114581
XLMUSDT,2024,EW_wo_NN,366,0.7436990903148145
XLMUSDT,2024,EW_wo_LSTM,366,0.7433406230331262
XLMUSDT,2025,HAR,365,1.0
XLMUSDT,2025,HARX,365,1.3158616985609932
XLMUSDT,2025,RF,365,1.1846967790932847
XLMUSDT,2025,NN,365,1.3605255980186284
XLMUSDT,2025,LSTM,365,1.206393931925458
XLMUSDT,2025,logHAR,365,1.1103872553701828
XLMUSDT,2025,EqualWeight,365,1.0710090811018909
XLMUSDT,2025,QLIKEComb,365,1.136115982986229
XLMUSDT,2025,BestPrior,365,1.206393931925458
XLMUSDT,2025,logHAR_pooled,365,1.114637914163484
XLMUSDT,2025,RF_pooled,365,1.1171243827044366
XLMUSDT,2025,NN_pooled,365,1.0689270979828298
XLMUSDT,2025,Median,365,1.1100291659228874
XLMUSDT,2025,Trimmed,365,1.1090878168534315
XLMUSDT,2025,EW_wo_HAR,365,1.123253205102813
XLMUSDT,2025,EW_wo_HARX,365,1.077614959906066
XLMUSDT,2025,EW_wo_RF,365,1.051517532953418
XLMUSDT,2025,EW_wo_NN,365,1.0674841809212237
XLMUSDT,2025,EW_wo_LSTM,365,1.0496085258005932
XLMUSDT,2026,HAR,242,1.0
XLMUSDT,2026,HARX,242,0.5297787304497001
XLMUSDT,2026,RF,242,0.48445717535067456
XLMUSDT,2026,NN,242,0.5302550985095131
XLMUSDT,2026,LSTM,242,0.5751754790219632
XLMUSDT,2026,logHAR,242,0.5440989832615761
XLMUSDT,2026,EqualWeight,242,0.5741423457736917
XLMUSDT,2026,QLIKEComb,242,0.5878841570237184
XLMUSDT,2026,BestPrior,242,0.5751754790219632
XLMUSDT,2026,logHAR_pooled,242,0.5533577932652843
XLMUSDT,2026,RF_pooled,242,0.5112222383889148
XLMUSDT,2026,NN_pooled,242,0.5139818243568429
XLMUSDT,2026,Median,242,0.5302958129931412
XLMUSDT,2026,Trimmed,242,0.5281553273586536
XLMUSDT,2026,EW_wo_HAR,242,0.5162028910736812
XLMUSDT,2026,EW_wo_HARX,242,0.5909731812324587
XLMUSDT,2026,EW_wo_RF,242,0.6095269863795307
XLMUSDT,2026,EW_wo_NN,242,0.59248561485662
XLMUSDT,2026,EW_wo_LSTM,242,0.5853613701535666
