sample,model,QLIKE,diff_vs_HAR,diff_lo,diff_hi,pooled_ratio_vs_HAR,pooled_ratio_lo,pooled_ratio_hi,mean_ratio_vs_HAR,mean_ratio_lo,mean_ratio_hi
all,HAR,0.5080287968627202,0.0,0.0,0.0,1.0,1.0,1.0,1.0,1.0,1.0
all,logHAR,0.383672605401998,-0.12435619146072226,-0.1887062750629625,-0.047094989665390954,0.7552182233986122,0.5482495358624138,0.9328861894253844,0.7828685127357029,0.5981001456278519,0.899673120326364
all,HARX,0.40767405473021373,-0.10035474213250647,-0.20125738904584942,0.06063276400198696,0.8024624927715971,0.5155613187282304,1.0873707350475037,0.8266753348021292,0.5624616560901051,1.0235686941739002
all,RF,0.37605721908900364,-0.13197157777371654,-0.18849923143580527,-0.07031022783468387,0.7402281551977102,0.5501477665413851,0.8980945430730477,0.7614586167895823,0.5887449978525221,0.8646362496590108
all,NN,0.3926801671427129,-0.11534862972000731,-0.20384141663107164,0.022952690768635098,0.7729486390686298,0.5127389569923072,1.032871737555426,0.794584053177332,0.556574204693472,0.9647412351818515
all,LSTM,0.36736389642923145,-0.14066490043348864,-0.19701541032084458,-0.07094242412730027,0.7231162853323465,0.5301962516635341,0.8972256424625273,0.7458724182540561,0.5720123073092575,0.8545039479371191
all,EqualWeight,0.3738381753633119,-0.13419062149940827,-0.17535322206542675,-0.08211923552456857,0.7358602064920556,0.58116088298176,0.8814811934318113,0.7515696041522391,0.6107702980884533,0.8419196649306275
all,QLIKEComb,0.3707014559396908,-0.13732734092302934,-0.19503721126906606,-0.06368645511533799,0.7296859119579828,0.5312518179338559,0.9115612254244653,0.7520480408523496,0.5810336844398738,0.8599363034223657
all,BestPrior,0.3988246521260303,-0.10920414473668986,-0.20122725443013384,0.033956918893481174,0.7850433963368437,0.5156727334283805,1.047654068437318,0.8090718410826467,0.5632865661385495,0.9945408322194134
all,logHAR_pooled,0.38237891465758217,-0.12564988220513804,-0.19002685843113346,-0.04596051718953644,0.7526717324272246,0.5450227078329043,0.9354381087758317,0.7793033160839578,0.5943681196793952,0.8987473123475747
all,RF_pooled,0.3824249999106899,-0.12560379695203028,-0.19991132383598065,-0.02171234761263844,0.7527624462871324,0.5150904234504488,0.9704045410742232,0.7778850730880158,0.5597558335866822,0.9223954184455984
all,NN_pooled,0.3618523843032241,-0.14617641255949618,-0.20651860331093919,-0.06962055098913504,0.712267466997553,0.5049751110955936,0.9041086242477544,0.7367921909599636,0.5469947358757439,0.8636801762734169
all,Median,0.36168244062034954,-0.14634635624237066,-0.20151231809570408,-0.07786623603763256,0.7119329511513568,0.5174769455794468,0.8882687997979725,0.7339414238021583,0.560369339708104,0.8444424767254144
all,Trimmed,0.3601643178757866,-0.14786447898693364,-0.20076350882301466,-0.08309204604069614,0.7089446899466024,0.5191101697703409,0.8802676351057034,0.7316061616428101,0.5621657260648282,0.8397253503338339
all,EW_wo_HAR,0.3619377209851485,-0.14609107587757172,-0.20309857691618483,-0.07625021375642561,0.7124354430698768,0.5133382184019438,0.8897685319576164,0.734864382527105,0.5565004575860842,0.8469140495402456
all,EW_wo_HARX,0.3815251656968521,-0.12650363116586805,-0.16461556370525618,-0.07805740152380469,0.7509912194996065,0.6078262402049933,0.8869144819069502,0.7641158936721697,0.63280167092648,0.8489278565575273
all,EW_wo_RF,0.3809382265116144,-0.12709057035110574,-0.16560446059380682,-0.07716810504543153,0.7498358928943781,0.6041070744114677,0.8888435773725317,0.7636644471120763,0.6308524063486175,0.8500786329406488
all,EW_wo_NN,0.37903031319943337,-0.12899848366328678,-0.1658328491809333,-0.08435946229128385,0.7460803709161691,0.6049251775018065,0.8774351152419493,0.7605576553606748,0.6310282143962596,0.8433115707198175
all,EW_wo_LSTM,0.3799600589766795,-0.12806873788604073,-0.16633999435980912,-0.07952519790013586,0.747910475396442,0.6026911404715157,0.8855873669363082,0.7622479365265952,0.6292795416370692,0.8489093172333756
target_coverage_ge_95pct,HAR,0.5080287968627202,0.0,0.0,0.0,1.0,1.0,1.0,1.0,1.0,1.0
target_coverage_ge_95pct,logHAR,0.383672605401998,-0.12435619146072226,-0.1887062750629625,-0.047094989665390954,0.7552182233986122,0.5482495358624138,0.9328861894253844,0.7828685127357029,0.5981001456278519,0.899673120326364
target_coverage_ge_95pct,HARX,0.40767405473021373,-0.10035474213250647,-0.20125738904584942,0.06063276400198696,0.8024624927715971,0.5155613187282304,1.0873707350475037,0.8266753348021292,0.5624616560901051,1.0235686941739002
target_coverage_ge_95pct,RF,0.37605721908900364,-0.13197157777371654,-0.18849923143580527,-0.07031022783468387,0.7402281551977102,0.5501477665413851,0.8980945430730477,0.7614586167895823,0.5887449978525221,0.8646362496590108
target_coverage_ge_95pct,NN,0.3926801671427129,-0.11534862972000731,-0.20384141663107164,0.022952690768635098,0.7729486390686298,0.5127389569923072,1.032871737555426,0.794584053177332,0.556574204693472,0.9647412351818515
target_coverage_ge_95pct,LSTM,0.36736389642923145,-0.14066490043348864,-0.19701541032084458,-0.07094242412730027,0.7231162853323465,0.5301962516635341,0.8972256424625273,0.7458724182540561,0.5720123073092575,0.8545039479371191
target_coverage_ge_95pct,EqualWeight,0.3738381753633119,-0.13419062149940827,-0.17535322206542675,-0.08211923552456857,0.7358602064920556,0.58116088298176,0.8814811934318113,0.7515696041522391,0.6107702980884533,0.8419196649306275
target_coverage_ge_95pct,QLIKEComb,0.3707014559396908,-0.13732734092302934,-0.19503721126906606,-0.06368645511533799,0.7296859119579828,0.5312518179338559,0.9115612254244653,0.7520480408523496,0.5810336844398738,0.8599363034223657
target_coverage_ge_95pct,BestPrior,0.3988246521260303,-0.10920414473668986,-0.20122725443013384,0.033956918893481174,0.7850433963368437,0.5156727334283805,1.047654068437318,0.8090718410826467,0.5632865661385495,0.9945408322194134
target_coverage_ge_95pct,logHAR_pooled,0.38237891465758217,-0.12564988220513804,-0.19002685843113346,-0.04596051718953644,0.7526717324272246,0.5450227078329043,0.9354381087758317,0.7793033160839578,0.5943681196793952,0.8987473123475747
target_coverage_ge_95pct,RF_pooled,0.3824249999106899,-0.12560379695203028,-0.19991132383598065,-0.02171234761263844,0.7527624462871324,0.5150904234504488,0.9704045410742232,0.7778850730880158,0.5597558335866822,0.9223954184455984
target_coverage_ge_95pct,NN_pooled,0.3618523843032241,-0.14617641255949618,-0.20651860331093919,-0.06962055098913504,0.712267466997553,0.5049751110955936,0.9041086242477544,0.7367921909599636,0.5469947358757439,0.8636801762734169
target_coverage_ge_95pct,Median,0.36168244062034954,-0.14634635624237066,-0.20151231809570408,-0.07786623603763256,0.7119329511513568,0.5174769455794468,0.8882687997979725,0.7339414238021583,0.560369339708104,0.8444424767254144
target_coverage_ge_95pct,Trimmed,0.3601643178757866,-0.14786447898693364,-0.20076350882301466,-0.08309204604069614,0.7089446899466024,0.5191101697703409,0.8802676351057034,0.7316061616428101,0.5621657260648282,0.8397253503338339
target_coverage_ge_95pct,EW_wo_HAR,0.3619377209851485,-0.14609107587757172,-0.20309857691618483,-0.07625021375642561,0.7124354430698768,0.5133382184019438,0.8897685319576164,0.734864382527105,0.5565004575860842,0.8469140495402456
target_coverage_ge_95pct,EW_wo_HARX,0.3815251656968521,-0.12650363116586805,-0.16461556370525618,-0.07805740152380469,0.7509912194996065,0.6078262402049933,0.8869144819069502,0.7641158936721697,0.63280167092648,0.8489278565575273
target_coverage_ge_95pct,EW_wo_RF,0.3809382265116144,-0.12709057035110574,-0.16560446059380682,-0.07716810504543153,0.7498358928943781,0.6041070744114677,0.8888435773725317,0.7636644471120763,0.6308524063486175,0.8500786329406488
target_coverage_ge_95pct,EW_wo_NN,0.37903031319943337,-0.12899848366328678,-0.1658328491809333,-0.08435946229128385,0.7460803709161691,0.6049251775018065,0.8774351152419493,0.7605576553606748,0.6310282143962596,0.8433115707198175
target_coverage_ge_95pct,EW_wo_LSTM,0.3799600589766795,-0.12806873788604073,-0.16633999435980912,-0.07952519790013586,0.747910475396442,0.6026911404715157,0.8855873669363082,0.7622479365265952,0.6292795416370692,0.8489093172333756
