model,QLIKE_rel_HAR,MSE_rel_HAR,MAE_rel_HAR,bias_rel,MZ_a,MZ_b,assets_below_HAR
HAR,1.0,1.0,1.0,0.3379346822726136,0.0006126485484257625,0.6176607456000741,0
logHAR,0.7828685127357033,0.9539247704999844,0.7038954989889722,-0.0832375928639484,0.0008118001311992137,0.6385942880046545,7
HARX,0.8266753348021291,0.9544156394442777,0.6734564662383445,-0.07273757112803936,0.0005302509683461435,0.7460118295340868,6
RF,0.7614586167895823,0.9232502788961159,0.6711837310553321,-0.1057742269373323,0.00042095271688466214,0.9073059602987532,7
NN,0.7945840531773324,0.8986591465532591,0.6687034516492225,-0.07899161349878964,0.0005520175102981628,0.8361634678836256,6
LSTM,0.7458724182540563,0.9080169286953603,0.6700272278741227,-0.09089376138941416,0.0002710671676635632,1.0063030543972977,7
EqualWeight,0.7515696041522395,0.9033732908979125,0.7071474732903935,-0.002092498136192387,0.000353946910429182,0.8650135842044216,8
QLIKEComb,0.7520480408523491,0.9239331125852693,0.6791649653896616,-0.05937906552125749,0.0003874465038733153,0.8241132302532835,7
BestPrior,0.8090718410826468,0.9458048803528477,0.6738862611462446,-0.0772646640304715,0.0005404552239874764,0.7533746979954479,7
logHAR_pooled,0.779303316083958,0.958008582235712,0.7184879674772275,-0.04975237561379819,0.0008110564621709987,0.6266722613299115,7
RF_pooled,0.7778850730880165,0.9127128769370032,0.6508970047551488,-0.12675339918341477,0.00043793320465156517,0.8780240092223286,7
NN_pooled,0.736792190959964,0.9017253478569865,0.6751178197517109,-0.05140644477753241,0.0005659781434722711,0.7528407473065539,7
Median,0.7339414238021583,0.8972336695643335,0.664505353324216,-0.08382732703517365,0.0003221970759208546,0.9555676195282552,7
Trimmed,0.7316061616428101,0.9001902250623004,0.6670892963974488,-0.0770511994351406,0.00035671496423728144,0.931884178229216,7
EW_wo_HAR,0.734864382527105,0.9016582762209218,0.6601616445640758,-0.08709929323839385,0.0003849022315779194,0.8969949030271666,7
EW_wo_HARX,0.7641158936721699,0.9059574452966144,0.7224636085452937,0.015568770111769334,0.0003456171918736653,0.8915428505118401,8
EW_wo_RF,0.7636644471120766,0.9028960676336016,0.721391445793518,0.023827934064092605,0.0003547882850816947,0.8478679894128821,8
EW_wo_NN,0.760557655360675,0.9084222218016108,0.7210195759567579,0.017132280704456923,0.00032934331594983623,0.8527408878577869,8
EW_wo_LSTM,0.7622479365265956,0.9083996647305299,0.7229499710990193,0.020107817677113036,0.00041586095290865145,0.8096662898698036,8
