row,date,sign_agreement_of_5
0,2001-01-29,5
1,2001-01-30,5
2,2001-01-31,5
3,2001-02-01,5
4,2001-02-02,4
5,2001-02-05,5
6,2001-02-06,5
7,2001-02-07,4
8,2001-02-08,5
9,2001-02-09,5
10,2001-02-12,5
11,2001-02-13,5
12,2001-02-14,5
13,2001-02-15,4
14,2001-02-16,3
15,2001-02-20,5
16,2001-02-21,5
17,2001-02-22,5
18,2001-02-23,5
19,2001-02-26,5
20,2001-02-27,5
21,2001-02-28,5
22,2001-03-01,5
23,2001-03-02,5
24,2001-03-05,5
25,2001-03-06,5
26,2001-03-07,3
27,2001-03-08,5
28,2001-03-09,5
29,2001-03-12,5
30,2001-03-13,5
31,2001-03-14,5
32,2001-03-15,5
33,2001-03-16,5
34,2001-03-19,5
35,2001-03-20,5
36,2001-03-21,5
37,2001-03-22,5
38,2001-03-23,5
39,2001-03-26,4
40,2001-03-27,5
41,2001-03-28,4
42,2001-03-29,5
43,2001-03-30,4
44,2001-04-02,4
45,2001-04-03,4
46,2001-04-04,5
47,2001-04-05,5
48,2001-04-06,5
49,2001-04-09,5
50,2001-04-10,5
51,2001-04-11,5
52,2001-04-12,5
53,2001-04-16,5
54,2001-04-17,5
55,2001-04-18,5
56,2001-04-19,5
57,2001-04-20,4
58,2001-04-23,5
59,2001-04-24,5
60,2001-04-25,4
61,2001-04-26,5
62,2001-04-27,5
63,2001-04-30,3
64,2001-05-01,5
65,2001-05-02,5
66,2001-05-03,5
67,2001-05-04,5
68,2001-05-07,4
69,2001-05-08,3
70,2001-05-09,5
71,2001-05-10,5
72,2001-05-11,5
73,2001-05-14,5
74,2001-05-15,3
75,2001-05-16,5
76,2001-05-17,5
77,2001-05-18,5
78,2001-05-21,5
79,2001-05-22,5
80,2001-05-23,5
81,2001-05-24,4
82,2001-05-25,5
83,2001-05-29,5
84,2001-05-30,5
85,2001-05-31,5
86,2001-06-01,5
87,2001-06-04,5
88,2001-06-05,4
89,2001-06-06,5
90,2001-06-07,4
91,2001-06-08,4
92,2001-06-11,5
93,2001-06-12,5
94,2001-06-13,5
95,2001-06-14,4
96,2001-06-15,5
97,2001-06-18,5
98,2001-06-19,5
99,2001-06-20,5
100,2001-06-21,5
101,2001-06-22,5
102,2001-06-25,5
103,2001-06-26,5
104,2001-06-27,5
105,2001-06-28,5
106,2001-06-29,3
107,2001-07-02,4
108,2001-07-03,5
109,2001-07-05,5
110,2001-07-06,5
111,2001-07-09,5
112,2001-07-10,5
113,2001-07-11,5
114,2001-07-12,5
115,2001-07-13,5
116,2001-07-16,5
117,2001-07-17,5
118,2001-07-18,4
119,2001-07-19,5
120,2001-07-20,5
121,2001-07-23,5
122,2001-07-24,5
123,2001-07-25,5
124,2001-07-26,5
125,2001-07-27,5
126,2001-07-30,5
127,2001-07-31,4
128,2001-08-01,5
129,2001-08-02,4
130,2001-08-03,5
131,2001-08-06,5
132,2001-08-07,5
133,2001-08-08,5
134,2001-08-09,5
135,2001-08-10,5
136,2001-08-13,5
137,2001-08-14,5
138,2001-08-15,5
139,2001-08-16,5
140,2001-08-17,5
141,2001-08-20,5
142,2001-08-21,5
143,2001-08-22,5
144,2001-08-23,5
145,2001-08-24,5
146,2001-08-27,5
147,2001-08-28,5
148,2001-08-29,5
149,2001-08-30,5
150,2001-08-31,5
151,2001-09-04,5
152,2001-09-05,4
153,2001-09-06,5
154,2001-09-07,5
155,2001-09-10,5
156,2001-09-17,5
157,2001-09-18,5
158,2001-09-19,4
159,2001-09-20,5
160,2001-09-21,4
161,2001-09-24,5
162,2001-09-25,5
163,2001-09-26,5
164,2001-09-27,5
165,2001-09-28,5
166,2001-10-01,5
167,2001-10-02,5
168,2001-10-03,5
169,2001-10-04,5
170,2001-10-05,5
171,2001-10-08,5
172,2001-10-09,5
173,2001-10-10,5
174,2001-10-11,5
175,2001-10-12,5
176,2001-10-15,5
177,2001-10-16,4
178,2001-10-17,5
179,2001-10-18,4
180,2001-10-19,4
181,2001-10-22,5
182,2001-10-23,5
183,2001-10-24,5
184,2001-10-25,5
185,2001-10-26,5
186,2001-10-29,5
187,2001-10-30,5
188,2001-10-31,5
189,2001-11-01,5
190,2001-11-02,5
191,2001-11-05,4
192,2001-11-06,5
193,2001-11-07,5
194,2001-11-08,5
195,2001-11-09,5
196,2001-11-12,4
197,2001-11-13,5
198,2001-11-14,5
199,2001-11-15,4
200,2001-11-16,4
201,2001-11-19,5
202,2001-11-20,5
203,2001-11-21,5
204,2001-11-23,5
205,2001-11-26,5
206,2001-11-27,5
207,2001-11-28,5
208,2001-11-29,5
209,2001-11-30,5
210,2001-12-03,5
211,2001-12-04,5
212,2001-12-05,5
213,2001-12-06,5
214,2001-12-07,5
215,2001-12-10,5
216,2001-12-11,5
217,2001-12-12,5
218,2001-12-13,5
219,2001-12-14,5
220,2001-12-17,4
221,2001-12-18,5
222,2001-12-19,5
223,2001-12-20,5
224,2001-12-21,5
225,2001-12-24,5
226,2001-12-26,5
227,2001-12-27,5
228,2001-12-28,4
229,2001-12-31,5
230,2002-01-02,5
231,2002-01-03,5
232,2002-01-04,5
233,2002-01-07,4
234,2002-01-08,5
235,2002-01-09,5
236,2002-01-10,5
237,2002-01-11,5
238,2002-01-14,5
239,2002-01-15,5
240,2002-01-16,5
241,2002-01-17,5
242,2002-01-18,4
243,2002-01-22,5
244,2002-01-23,5
245,2002-01-24,5
246,2002-01-25,5
247,2002-01-28,5
248,2002-01-29,5
249,2002-01-30,5
250,2002-01-31,5
251,2002-02-01,5
252,2002-02-04,5
253,2002-02-05,5
254,2002-02-06,4
255,2002-02-07,4
256,2002-02-08,5
257,2002-02-11,5
258,2002-02-12,5
259,2002-02-13,5
260,2002-02-14,5
261,2002-02-15,5
262,2002-02-19,5
263,2002-02-20,5
264,2002-02-21,5
265,2002-02-22,5
266,2002-02-25,5
267,2002-02-26,5
268,2002-02-27,5
269,2002-02-28,4
270,2002-03-01,5
271,2002-03-04,5
272,2002-03-05,4
273,2002-03-06,4
274,2002-03-07,5
275,2002-03-08,5
276,2002-03-11,5
277,2002-03-12,5
278,2002-03-13,5
279,2002-03-14,5
280,2002-03-15,5
281,2002-03-18,5
282,2002-03-19,5
283,2002-03-20,5
284,2002-03-21,5
285,2002-03-22,4
286,2002-03-25,4
287,2002-03-26,4
288,2002-03-27,5
289,2002-03-28,5
290,2002-04-01,5
291,2002-04-02,5
292,2002-04-03,5
293,2002-04-04,5
294,2002-04-05,5
295,2002-04-08,5
296,2002-04-09,5
297,2002-04-10,5
298,2002-04-11,5
299,2002-04-12,5
300,2002-04-15,5
301,2002-04-16,5
302,2002-04-17,5
303,2002-04-18,5
304,2002-04-19,4
305,2002-04-22,5
306,2002-04-23,5
307,2002-04-24,5
308,2002-04-25,4
309,2002-04-26,5
310,2002-04-29,5
311,2002-04-30,5
312,2002-05-01,5
313,2002-05-02,5
314,2002-05-03,5
315,2002-05-06,5
316,2002-05-07,5
317,2002-05-08,5
318,2002-05-09,5
319,2002-05-10,5
320,2002-05-13,5
321,2002-05-14,5
322,2002-05-15,5
323,2002-05-16,5
324,2002-05-17,5
325,2002-05-20,5
326,2002-05-21,5
327,2002-05-22,5
328,2002-05-23,4
329,2002-05-24,5
330,2002-05-28,5
331,2002-05-29,5
332,2002-05-30,5
333,2002-05-31,4
334,2002-06-03,5
335,2002-06-04,5
336,2002-06-05,5
337,2002-06-06,5
338,2002-06-07,5
339,2002-06-10,4
340,2002-06-11,5
341,2002-06-12,5
342,2002-06-13,5
343,2002-06-14,5
344,2002-06-17,5
345,2002-06-18,5
346,2002-06-19,5
347,2002-06-20,5
348,2002-06-21,5
349,2002-06-24,5
350,2002-06-25,5
351,2002-06-26,5
352,2002-06-27,5
353,2002-06-28,5
354,2002-07-01,5
355,2002-07-02,5
356,2002-07-03,4
357,2002-07-05,5
358,2002-07-08,5
359,2002-07-09,5
360,2002-07-10,5
361,2002-07-11,5
362,2002-07-12,5
363,2002-07-15,5
364,2002-07-16,5
365,2002-07-17,5
366,2002-07-18,5
367,2002-07-19,4
368,2002-07-22,5
369,2002-07-23,5
370,2002-07-24,5
371,2002-07-25,5
372,2002-07-26,5
373,2002-07-29,5
374,2002-07-30,5
375,2002-07-31,5
376,2002-08-01,5
377,2002-08-02,5
378,2002-08-05,5
379,2002-08-06,5
380,2002-08-07,5
381,2002-08-08,5
382,2002-08-09,5
383,2002-08-12,5
384,2002-08-13,3
385,2002-08-14,5
386,2002-08-15,5
387,2002-08-16,5
388,2002-08-19,5
389,2002-08-20,5
390,2002-08-21,5
391,2002-08-22,5
392,2002-08-23,5
393,2002-08-26,4
394,2002-08-27,5
395,2002-08-28,4
396,2002-08-29,5
397,2002-08-30,5
398,2002-09-03,5
399,2002-09-04,5
400,2002-09-05,5
401,2002-09-06,5
402,2002-09-09,5
403,2002-09-10,5
404,2002-09-11,4
405,2002-09-12,4
406,2002-09-13,4
407,2002-09-16,5
408,2002-09-17,5
409,2002-09-18,5
410,2002-09-19,5
411,2002-09-20,5
412,2002-09-23,4
413,2002-09-24,4
414,2002-09-25,5
415,2002-09-26,5
416,2002-09-27,5
417,2002-09-30,5
418,2002-10-01,5
419,2002-10-02,5
420,2002-10-03,5
421,2002-10-04,5
422,2002-10-07,5
423,2002-10-08,5
424,2002-10-09,5
425,2002-10-10,5
426,2002-10-11,5
427,2002-10-14,5
428,2002-10-15,5
429,2002-10-16,5
430,2002-10-17,5
431,2002-10-18,4
432,2002-10-21,5
433,2002-10-22,5
434,2002-10-23,5
435,2002-10-24,5
436,2002-10-25,5
437,2002-10-28,5
438,2002-10-29,5
439,2002-10-30,5
440,2002-10-31,5
441,2002-11-01,5
442,2002-11-04,5
443,2002-11-05,5
444,2002-11-06,5
445,2002-11-07,5
446,2002-11-08,5
447,2002-11-11,5
448,2002-11-12,5
449,2002-11-13,5
450,2002-11-14,5
451,2002-11-15,5
452,2002-11-18,5
453,2002-11-19,4
454,2002-11-20,5
455,2002-11-21,5
456,2002-11-22,5
457,2002-11-25,4
458,2002-11-26,4
459,2002-11-27,5
460,2002-11-29,4
461,2002-12-02,5
462,2002-12-03,5
463,2002-12-04,5
464,2002-12-05,5
465,2002-12-06,5
466,2002-12-09,5
467,2002-12-10,5
468,2002-12-11,4
469,2002-12-12,5
470,2002-12-13,4
471,2002-12-16,5
472,2002-12-17,5
473,2002-12-18,5
474,2002-12-19,5
475,2002-12-20,5
476,2002-12-23,5
477,2002-12-24,5
478,2002-12-26,5
479,2002-12-27,5
480,2002-12-30,4
481,2002-12-31,5
482,2003-01-02,5
483,2003-01-03,5
484,2003-01-06,5
485,2003-01-07,5
486,2003-01-08,5
487,2003-01-09,5
488,2003-01-10,5
489,2003-01-13,4
490,2003-01-14,4
491,2003-01-15,5
492,2003-01-16,5
493,2003-01-17,5
494,2003-01-21,5
495,2003-01-22,5
496,2003-01-23,4
497,2003-01-24,5
498,2003-01-27,5
499,2003-01-28,5
500,2003-01-29,5
501,2003-01-30,4
502,2003-01-31,5
503,2003-02-03,5
504,2003-02-04,4
505,2003-02-05,5
506,2003-02-06,5
507,2003-02-07,5
508,2003-02-10,5
509,2003-02-11,5
510,2003-02-12,4
511,2003-02-13,5
512,2003-02-14,5
513,2003-02-18,5
514,2003-02-19,4
515,2003-02-20,5
516,2003-02-21,5
517,2003-02-24,5
518,2003-02-25,5
519,2003-02-26,5
520,2003-02-27,5
521,2003-02-28,5
522,2003-03-03,5
523,2003-03-04,5
524,2003-03-05,5
525,2003-03-06,5
526,2003-03-07,5
527,2003-03-10,5
528,2003-03-11,5
529,2003-03-12,5
530,2003-03-13,5
531,2003-03-14,5
532,2003-03-17,5
533,2003-03-18,5
534,2003-03-19,5
535,2003-03-20,5
536,2003-03-21,5
537,2003-03-24,5
538,2003-03-25,5
539,2003-03-26,5
540,2003-03-27,5
541,2003-03-28,4
542,2003-03-31,4
543,2003-04-01,5
544,2003-04-02,5
545,2003-04-03,5
546,2003-04-04,5
547,2003-04-07,5
548,2003-04-08,5
549,2003-04-09,4
550,2003-04-10,5
551,2003-04-11,5
552,2003-04-14,5
553,2003-04-15,5
554,2003-04-16,5
555,2003-04-17,5
556,2003-04-21,3
557,2003-04-22,5
558,2003-04-23,5
559,2003-04-24,5
560,2003-04-25,5
561,2003-04-28,5
562,2003-04-29,5
563,2003-04-30,5
564,2003-05-01,5
565,2003-05-02,4
566,2003-05-05,5
567,2003-05-06,5
568,2003-05-07,5
569,2003-05-08,4
570,2003-05-09,3
571,2003-05-12,5
572,2003-05-13,4
573,2003-05-14,5
574,2003-05-15,5
575,2003-05-16,4
576,2003-05-19,5
577,2003-05-20,5
578,2003-05-21,5
579,2003-05-22,5
580,2003-05-23,5
581,2003-05-27,5
582,2003-05-28,4
583,2003-05-29,5
584,2003-05-30,5
585,2003-06-02,5
586,2003-06-03,5
587,2003-06-04,5
588,2003-06-05,5
589,2003-06-06,5
590,2003-06-09,5
591,2003-06-10,5
592,2003-06-11,5
593,2003-06-12,4
594,2003-06-13,5
595,2003-06-16,5
596,2003-06-17,4
597,2003-06-18,5
598,2003-06-19,5
599,2003-06-20,5
600,2003-06-23,5
601,2003-06-24,5
602,2003-06-25,5
603,2003-06-26,4
604,2003-06-27,5
605,2003-06-30,5
606,2003-07-01,5
607,2003-07-02,5
608,2003-07-03,3
609,2003-07-07,5
610,2003-07-08,5
611,2003-07-09,5
612,2003-07-10,5
613,2003-07-11,5
614,2003-07-14,5
615,2003-07-15,5
616,2003-07-16,4
617,2003-07-17,4
618,2003-07-18,5
619,2003-07-21,5
620,2003-07-22,4
621,2003-07-23,5
622,2003-07-24,5
623,2003-07-25,5
624,2003-07-28,4
625,2003-07-29,5
626,2003-07-30,5
627,2003-07-31,5
628,2003-08-01,5
629,2003-08-04,5
630,2003-08-05,5
631,2003-08-06,5
632,2003-08-07,5
633,2003-08-08,5
634,2003-08-11,5
635,2003-08-12,5
636,2003-08-13,5
637,2003-08-14,5
638,2003-08-15,5
639,2003-08-18,5
640,2003-08-19,4
641,2003-08-20,5
642,2003-08-21,5
643,2003-08-22,5
644,2003-08-25,4
645,2003-08-26,5
646,2003-08-27,5
647,2003-08-28,5
648,2003-08-29,5
649,2003-09-02,5
650,2003-09-03,5
651,2003-09-04,5
652,2003-09-05,5
653,2003-09-08,5
654,2003-09-09,5
655,2003-09-10,4
656,2003-09-11,5
657,2003-09-12,5
658,2003-09-15,5
659,2003-09-16,5
660,2003-09-17,5
661,2003-09-18,5
662,2003-09-19,4
663,2003-09-22,5
664,2003-09-23,5
665,2003-09-24,5
666,2003-09-25,4
667,2003-09-26,5
668,2003-09-29,4
669,2003-09-30,5
670,2003-10-01,5
671,2003-10-02,5
672,2003-10-03,4
673,2003-10-06,5
674,2003-10-07,5
675,2003-10-08,5
676,2003-10-09,4
677,2003-10-10,5
678,2003-10-13,4
679,2003-10-14,5
680,2003-10-15,4
681,2003-10-16,4
682,2003-10-17,5
683,2003-10-20,5
684,2003-10-21,5
685,2003-10-22,5
686,2003-10-23,4
687,2003-10-24,5
688,2003-10-27,4
689,2003-10-28,5
690,2003-10-29,5
691,2003-10-30,5
692,2003-10-31,4
693,2003-11-03,5
694,2003-11-04,4
695,2003-11-05,5
696,2003-11-06,5
697,2003-11-07,5
698,2003-11-10,5
699,2003-11-11,5
700,2003-11-12,5
701,2003-11-13,5
702,2003-11-14,5
703,2003-11-17,5
704,2003-11-18,5
705,2003-11-19,5
706,2003-11-20,5
707,2003-11-21,5
708,2003-11-24,5
709,2003-11-25,5
710,2003-11-26,5
711,2003-11-28,5
712,2003-12-01,5
713,2003-12-02,5
714,2003-12-03,5
715,2003-12-04,5
716,2003-12-05,5
717,2003-12-08,5
718,2003-12-09,5
719,2003-12-10,5
720,2003-12-11,5
721,2003-12-12,5
722,2003-12-15,5
723,2003-12-16,5
724,2003-12-17,5
725,2003-12-18,4
726,2003-12-19,5
727,2003-12-22,5
728,2003-12-23,5
729,2003-12-24,5
730,2003-12-26,5
731,2003-12-29,5
732,2003-12-30,5
733,2003-12-31,3
734,2004-01-02,5
735,2004-01-05,5
736,2004-01-06,5
737,2004-01-07,5
738,2004-01-08,5
739,2004-01-09,5
740,2004-01-12,5
741,2004-01-13,5
742,2004-01-14,5
743,2004-01-15,5
744,2004-01-16,5
745,2004-01-20,5
746,2004-01-21,4
747,2004-01-22,5
748,2004-01-23,5
749,2004-01-26,5
750,2004-01-27,5
751,2004-01-28,5
752,2004-01-29,5
753,2004-01-30,5
754,2004-02-02,5
755,2004-02-03,5
756,2004-02-04,5
757,2004-02-05,5
758,2004-02-06,5
759,2004-02-09,5
760,2004-02-10,5
761,2004-02-11,5
762,2004-02-12,5
763,2004-02-13,5
764,2004-02-17,5
765,2004-02-18,5
766,2004-02-19,5
767,2004-02-20,5
768,2004-02-23,5
769,2004-02-24,5
770,2004-02-25,5
771,2004-02-26,5
772,2004-02-27,5
773,2004-03-01,4
774,2004-03-02,5
775,2004-03-03,4
776,2004-03-04,5
777,2004-03-05,5
778,2004-03-08,5
779,2004-03-09,5
780,2004-03-10,5
781,2004-03-11,5
782,2004-03-12,5
783,2004-03-15,5
784,2004-03-16,5
785,2004-03-17,5
786,2004-03-18,5
787,2004-03-19,5
788,2004-03-22,5
789,2004-03-23,4
790,2004-03-24,5
791,2004-03-25,5
792,2004-03-26,5
793,2004-03-29,5
794,2004-03-30,5
795,2004-03-31,5
796,2004-04-01,5
797,2004-04-02,5
798,2004-04-05,5
799,2004-04-06,4
800,2004-04-07,5
801,2004-04-08,5
802,2004-04-12,5
803,2004-04-13,5
804,2004-04-14,5
805,2004-04-15,4
806,2004-04-16,5
807,2004-04-19,5
808,2004-04-20,5
809,2004-04-21,5
810,2004-04-22,5
811,2004-04-23,4
812,2004-04-26,5
813,2004-04-27,5
814,2004-04-28,4
815,2004-04-29,5
816,2004-04-30,5
817,2004-05-03,4
818,2004-05-04,5
819,2004-05-05,5
820,2004-05-06,5
821,2004-05-07,5
822,2004-05-10,4
823,2004-05-11,5
824,2004-05-12,5
825,2004-05-13,5
826,2004-05-14,5
827,2004-05-17,4
828,2004-05-18,5
829,2004-05-19,5
830,2004-05-20,4
831,2004-05-21,5
832,2004-05-24,5
833,2004-05-25,5
834,2004-05-26,5
835,2004-05-27,5
836,2004-05-28,5
837,2004-06-01,5
838,2004-06-02,4
839,2004-06-03,5
840,2004-06-04,5
841,2004-06-07,4
842,2004-06-08,4
843,2004-06-09,5
844,2004-06-10,5
845,2004-06-14,5
846,2004-06-15,5
847,2004-06-16,5
848,2004-06-17,4
849,2004-06-18,5
850,2004-06-21,5
851,2004-06-22,4
852,2004-06-23,5
853,2004-06-24,5
854,2004-06-25,5
855,2004-06-28,5
856,2004-06-29,4
857,2004-06-30,5
858,2004-07-01,5
859,2004-07-02,4
860,2004-07-06,5
861,2004-07-07,5
862,2004-07-08,4
863,2004-07-09,5
864,2004-07-12,5
865,2004-07-13,5
866,2004-07-14,5
867,2004-07-15,5
868,2004-07-16,5
869,2004-07-19,5
870,2004-07-20,5
871,2004-07-21,5
872,2004-07-22,5
873,2004-07-23,5
874,2004-07-26,5
875,2004-07-27,5
876,2004-07-28,4
877,2004-07-29,5
878,2004-07-30,5
879,2004-08-02,5
880,2004-08-03,5
881,2004-08-04,5
882,2004-08-05,5
883,2004-08-06,5
884,2004-08-09,4
885,2004-08-10,5
886,2004-08-11,5
887,2004-08-12,5
888,2004-08-13,4
889,2004-08-16,5
890,2004-08-17,5
891,2004-08-18,5
892,2004-08-19,5
893,2004-08-20,5
894,2004-08-23,4
895,2004-08-24,5
896,2004-08-25,5
897,2004-08-26,5
898,2004-08-27,5
899,2004-08-30,5
900,2004-08-31,5
901,2004-09-01,5
902,2004-09-02,5
903,2004-09-03,5
904,2004-09-07,4
905,2004-09-08,5
906,2004-09-09,5
907,2004-09-10,5
908,2004-09-13,5
909,2004-09-14,5
910,2004-09-15,4
911,2004-09-16,5
912,2004-09-17,5
913,2004-09-20,5
914,2004-09-21,5
915,2004-09-22,4
916,2004-09-23,5
917,2004-09-24,5
918,2004-09-27,5
919,2004-09-28,5
920,2004-09-29,5
921,2004-09-30,5
922,2004-10-01,5
923,2004-10-04,5
924,2004-10-05,5
925,2004-10-06,5
926,2004-10-07,5
927,2004-10-08,4
928,2004-10-11,5
929,2004-10-12,4
930,2004-10-13,5
931,2004-10-14,5
932,2004-10-15,4
933,2004-10-18,5
934,2004-10-19,5
935,2004-10-20,5
936,2004-10-21,5
937,2004-10-22,3
938,2004-10-25,5
939,2004-10-26,5
940,2004-10-27,5
941,2004-10-28,5
942,2004-10-29,5
943,2004-11-01,5
944,2004-11-02,4
945,2004-11-03,5
946,2004-11-04,4
947,2004-11-05,5
948,2004-11-08,4
949,2004-11-09,5
950,2004-11-10,5
951,2004-11-11,5
952,2004-11-12,5
953,2004-11-15,5
954,2004-11-16,5
955,2004-11-17,5
956,2004-11-18,5
957,2004-11-19,5
958,2004-11-22,4
959,2004-11-23,5
960,2004-11-24,5
961,2004-11-26,5
962,2004-11-29,5
963,2004-11-30,5
964,2004-12-01,4
965,2004-12-02,5
966,2004-12-03,5
967,2004-12-06,5
968,2004-12-07,5
969,2004-12-08,5
970,2004-12-09,5
971,2004-12-10,3
972,2004-12-13,5
973,2004-12-14,5
974,2004-12-15,5
975,2004-12-16,5
976,2004-12-17,5
977,2004-12-20,5
978,2004-12-21,5
979,2004-12-22,4
980,2004-12-23,5
981,2004-12-27,5
982,2004-12-28,5
983,2004-12-29,5
984,2004-12-30,4
985,2004-12-31,4
986,2005-01-03,5
987,2005-01-04,5
988,2005-01-05,4
989,2005-01-06,5
990,2005-01-07,5
991,2005-01-10,4
992,2005-01-11,5
993,2005-01-12,4
994,2005-01-13,5
995,2005-01-14,4
996,2005-01-18,5
997,2005-01-19,5
998,2005-01-20,5
999,2005-01-21,5
1000,2005-01-24,4
1001,2005-01-25,4
1002,2005-01-26,4
1003,2005-01-27,5
1004,2005-01-28,5
1005,2005-01-31,5
1006,2005-02-01,5
1007,2005-02-02,5
1008,2005-02-03,5
1009,2005-02-04,5
1010,2005-02-07,4
1011,2005-02-08,5
1012,2005-02-09,5
1013,2005-02-10,5
1014,2005-02-11,5
1015,2005-02-14,5
1016,2005-02-15,5
1017,2005-02-16,5
1018,2005-02-17,4
1019,2005-02-18,5
1020,2005-02-22,5
1021,2005-02-23,5
1022,2005-02-24,5
1023,2005-02-25,5
1024,2005-02-28,5
1025,2005-03-01,5
1026,2005-03-02,5
1027,2005-03-03,5
1028,2005-03-04,5
1029,2005-03-07,5
1030,2005-03-08,5
1031,2005-03-09,5
1032,2005-03-10,5
1033,2005-03-11,5
1034,2005-03-14,5
1035,2005-03-15,5
1036,2005-03-16,4
1037,2005-03-17,5
1038,2005-03-18,5
1039,2005-03-21,5
1040,2005-03-22,5
1041,2005-03-23,5
1042,2005-03-24,5
1043,2005-03-28,5
1044,2005-03-29,5
1045,2005-03-30,5
1046,2005-03-31,5
1047,2005-04-01,5
1048,2005-04-04,5
1049,2005-04-05,4
1050,2005-04-06,5
1051,2005-04-07,5
1052,2005-04-08,5
1053,2005-04-11,5
1054,2005-04-12,5
1055,2005-04-13,4
1056,2005-04-14,5
1057,2005-04-15,5
1058,2005-04-18,5
1059,2005-04-19,5
1060,2005-04-20,5
1061,2005-04-21,5
1062,2005-04-22,4
1063,2005-04-25,5
1064,2005-04-26,5
1065,2005-04-27,5
1066,2005-04-28,5
1067,2005-04-29,5
1068,2005-05-02,4
1069,2005-05-03,5
1070,2005-05-04,5
1071,2005-05-05,5
1072,2005-05-06,5
1073,2005-05-09,5
1074,2005-05-10,5
1075,2005-05-11,5
1076,2005-05-12,5
1077,2005-05-13,5
1078,2005-05-16,5
1079,2005-05-17,5
1080,2005-05-18,5
1081,2005-05-19,5
1082,2005-05-20,5
1083,2005-05-23,5
1084,2005-05-24,5
1085,2005-05-25,5
1086,2005-05-26,5
1087,2005-05-27,5
1088,2005-05-31,5
1089,2005-06-01,5
1090,2005-06-02,4
1091,2005-06-03,5
1092,2005-06-06,5
1093,2005-06-07,5
1094,2005-06-08,5
1095,2005-06-09,5
1096,2005-06-10,5
1097,2005-06-13,5
1098,2005-06-14,4
1099,2005-06-15,5
1100,2005-06-16,5
1101,2005-06-17,5
1102,2005-06-20,5
1103,2005-06-21,5
1104,2005-06-22,5
1105,2005-06-23,5
1106,2005-06-24,5
1107,2005-06-27,5
1108,2005-06-28,5
1109,2005-06-29,5
1110,2005-06-30,5
1111,2005-07-01,5
1112,2005-07-05,4
1113,2005-07-06,5
1114,2005-07-07,5
1115,2005-07-08,4
1116,2005-07-11,5
1117,2005-07-12,5
1118,2005-07-13,4
1119,2005-07-14,5
1120,2005-07-15,5
1121,2005-07-18,4
1122,2005-07-19,5
1123,2005-07-20,5
1124,2005-07-21,4
1125,2005-07-22,5
1126,2005-07-25,5
1127,2005-07-26,4
1128,2005-07-27,5
1129,2005-07-28,5
1130,2005-07-29,5
1131,2005-08-01,5
1132,2005-08-02,5
1133,2005-08-04,5
1134,2005-08-05,5
1135,2005-08-08,5
1136,2005-08-09,5
1137,2005-08-10,5
1138,2005-08-11,4
1139,2005-08-12,5
1140,2005-08-15,5
1141,2005-08-16,5
1142,2005-08-17,5
1143,2005-08-18,5
1144,2005-08-19,5
1145,2005-08-22,5
1146,2005-08-23,4
1147,2005-08-24,5
1148,2005-08-25,5
1149,2005-08-26,5
1150,2005-08-29,5
1151,2005-08-30,5
1152,2005-08-31,5
1153,2005-09-01,5
1154,2005-09-02,4
1155,2005-09-06,5
1156,2005-09-07,4
1157,2005-09-08,5
1158,2005-09-09,5
1159,2005-09-12,5
1160,2005-09-13,5
1161,2005-09-14,5
1162,2005-09-15,5
1163,2005-09-16,5
1164,2005-09-19,5
1165,2005-09-20,5
1166,2005-09-21,5
1167,2005-09-22,4
1168,2005-09-23,5
1169,2005-09-26,5
1170,2005-09-27,5
1171,2005-09-28,5
1172,2005-09-29,5
1173,2005-09-30,5
1174,2005-10-03,4
1175,2005-10-04,5
1176,2005-10-05,5
1177,2005-10-06,5
1178,2005-10-07,5
1179,2005-10-10,4
1180,2005-10-11,5
1181,2005-10-12,5
1182,2005-10-13,5
1183,2005-10-14,4
1184,2005-10-17,5
1185,2005-10-18,5
1186,2005-10-19,5
1187,2005-10-20,5
1188,2005-10-21,5
1189,2005-10-24,5
1190,2005-10-25,4
1191,2005-10-26,5
1192,2005-10-27,5
1193,2005-10-28,5
1194,2005-10-31,5
1195,2005-11-01,5
1196,2005-11-02,5
1197,2005-11-03,5
1198,2005-11-04,5
1199,2005-11-07,5
1200,2005-11-08,5
1201,2005-11-09,5
1202,2005-11-10,5
1203,2005-11-11,5
1204,2005-11-14,5
1205,2005-11-15,5
1206,2005-11-16,5
1207,2005-11-17,5
1208,2005-11-18,4
1209,2005-11-21,5
1210,2005-11-22,5
1211,2005-11-23,5
1212,2005-11-25,5
1213,2005-11-28,5
1214,2005-11-29,5
1215,2005-11-30,5
1216,2005-12-01,5
1217,2005-12-02,5
1218,2005-12-05,5
1219,2005-12-06,4
1220,2005-12-07,5
1221,2005-12-08,5
1222,2005-12-09,5
1223,2005-12-12,4
1224,2005-12-13,5
1225,2005-12-14,5
1226,2005-12-15,5
1227,2005-12-16,5
1228,2005-12-19,5
1229,2005-12-20,5
1230,2005-12-21,5
1231,2005-12-22,5
1232,2005-12-23,4
1233,2005-12-27,5
1234,2005-12-28,5
1235,2005-12-29,4
1236,2005-12-30,5
1237,2006-01-03,4
1238,2006-01-04,5
1239,2006-01-05,5
1240,2006-01-06,5
1241,2006-01-09,5
1242,2006-01-10,5
1243,2006-01-11,4
1244,2006-01-12,5
1245,2006-01-13,5
1246,2006-01-17,5
1247,2006-01-18,5
1248,2006-01-19,3
1249,2006-01-20,5
1250,2006-01-23,5
1251,2006-01-24,5
1252,2006-01-25,5
1253,2006-01-26,4
1254,2006-01-27,5
1255,2006-01-30,5
1256,2006-01-31,4
1257,2006-02-01,4
1258,2006-02-02,5
1259,2006-02-03,5
1260,2006-02-06,5
1261,2006-02-07,5
1262,2006-02-08,5
1263,2006-02-09,4
1264,2006-02-10,5
1265,2006-02-13,5
1266,2006-02-14,5
1267,2006-02-15,5
1268,2006-02-16,5
1269,2006-02-17,5
1270,2006-02-21,5
1271,2006-02-22,5
1272,2006-02-23,5
1273,2006-02-24,4
1274,2006-02-27,5
1275,2006-02-28,5
1276,2006-03-01,5
1277,2006-03-02,5
1278,2006-03-03,5
1279,2006-03-06,5
1280,2006-03-07,5
1281,2006-03-08,5
1282,2006-03-09,4
1283,2006-03-10,5
1284,2006-03-13,5
1285,2006-03-14,5
1286,2006-03-15,5
1287,2006-03-16,5
1288,2006-03-17,5
1289,2006-03-20,4
1290,2006-03-21,3
1291,2006-03-22,4
1292,2006-03-23,5
1293,2006-03-24,5
1294,2006-03-27,5
1295,2006-03-28,5
1296,2006-03-29,5
1297,2006-03-30,4
1298,2006-03-31,5
1299,2006-04-03,5
1300,2006-04-04,5
1301,2006-04-05,5
1302,2006-04-06,5
1303,2006-04-07,5
1304,2006-04-10,5
1305,2006-04-11,5
1306,2006-04-12,5
1307,2006-04-13,5
1308,2006-04-17,5
1309,2006-04-18,5
1310,2006-04-19,5
1311,2006-04-20,5
1312,2006-04-21,4
1313,2006-04-24,5
1314,2006-04-25,5
1315,2006-04-26,5
1316,2006-04-27,5
1317,2006-04-28,5
1318,2006-05-01,5
1319,2006-05-02,5
1320,2006-05-03,4
1321,2006-05-04,5
1322,2006-05-05,5
1323,2006-05-08,5
1324,2006-05-09,4
1325,2006-05-10,5
1326,2006-05-11,5
1327,2006-05-12,5
1328,2006-05-15,5
1329,2006-05-16,5
1330,2006-05-17,5
1331,2006-05-18,4
1332,2006-05-19,5
1333,2006-05-22,5
1334,2006-05-23,5
1335,2006-05-24,5
1336,2006-05-25,5
1337,2006-05-26,5
1338,2006-05-30,5
1339,2006-05-31,5
1340,2006-06-01,5
1341,2006-06-02,5
1342,2006-06-05,5
1343,2006-06-06,5
1344,2006-06-07,5
1345,2006-06-08,5
1346,2006-06-09,5
1347,2006-06-12,5
1348,2006-06-13,5
1349,2006-06-14,5
1350,2006-06-15,5
1351,2006-06-16,5
1352,2006-06-19,5
1353,2006-06-20,5
1354,2006-06-21,5
1355,2006-06-22,5
1356,2006-06-23,5
1357,2006-06-26,5
1358,2006-06-27,3
1359,2006-06-28,5
1360,2006-06-29,5
1361,2006-06-30,5
1362,2006-07-03,5
1363,2006-07-05,5
1364,2006-07-06,5
1365,2006-07-07,5
1366,2006-07-10,5
1367,2006-07-11,5
1368,2006-07-12,5
1369,2006-07-13,5
1370,2006-07-14,5
1371,2006-07-17,5
1372,2006-07-18,5
1373,2006-07-19,4
1374,2006-07-20,5
1375,2006-07-21,4
1376,2006-07-24,5
1377,2006-07-25,5
1378,2006-07-26,5
1379,2006-07-27,5
1380,2006-07-28,5
1381,2006-07-31,5
1382,2006-08-01,4
1383,2006-08-02,5
1384,2006-08-03,5
1385,2006-08-04,5
1386,2006-08-07,5
1387,2006-08-08,5
1388,2006-08-09,5
1389,2006-08-10,5
1390,2006-08-11,5
1391,2006-08-14,5
1392,2006-08-15,5
1393,2006-08-16,5
1394,2006-08-17,5
1395,2006-08-18,5
1396,2006-08-21,5
1397,2006-08-22,5
1398,2006-08-23,5
1399,2006-08-24,4
1400,2006-08-25,5
1401,2006-08-28,5
1402,2006-08-29,5
1403,2006-08-30,4
1404,2006-08-31,5
1405,2006-09-01,5
1406,2006-09-05,4
1407,2006-09-06,4
1408,2006-09-07,5
1409,2006-09-08,4
1410,2006-09-11,4
1411,2006-09-12,5
1412,2006-09-13,5
1413,2006-09-14,5
1414,2006-09-15,5
1415,2006-09-18,5
1416,2006-09-19,5
1417,2006-09-20,5
1418,2006-09-21,5
1419,2006-09-22,5
1420,2006-09-25,5
1421,2006-09-26,5
1422,2006-09-27,5
1423,2006-09-28,4
1424,2006-09-29,5
1425,2006-10-02,5
1426,2006-10-03,5
1427,2006-10-04,5
1428,2006-10-05,5
1429,2006-10-06,5
1430,2006-10-09,5
1431,2006-10-10,5
1432,2006-10-11,5
1433,2006-10-12,5
1434,2006-10-13,5
1435,2006-10-16,5
1436,2006-10-17,5
1437,2006-10-18,5
1438,2006-10-19,5
1439,2006-10-20,5
1440,2006-10-23,5
1441,2006-10-24,5
1442,2006-10-25,5
1443,2006-10-26,5
1444,2006-10-27,5
1445,2006-10-30,4
1446,2006-10-31,5
1447,2006-11-01,5
1448,2006-11-02,5
1449,2006-11-03,5
1450,2006-11-06,5
1451,2006-11-07,5
1452,2006-11-08,5
1453,2006-11-09,5
1454,2006-11-10,5
1455,2006-11-13,5
1456,2006-11-14,4
1457,2006-11-15,5
1458,2006-11-16,5
1459,2006-11-17,5
1460,2006-11-20,5
1461,2006-11-21,5
1462,2006-11-22,5
1463,2006-11-24,5
1464,2006-11-27,5
1465,2006-11-28,5
1466,2006-11-29,5
1467,2006-11-30,5
1468,2006-12-01,5
1469,2006-12-04,4
1470,2006-12-05,5
1471,2006-12-06,5
1472,2006-12-07,4
1473,2006-12-08,4
1474,2006-12-11,5
1475,2006-12-12,5
1476,2006-12-13,4
1477,2006-12-14,5
1478,2006-12-15,5
1479,2006-12-18,5
1480,2006-12-19,5
1481,2006-12-20,4
1482,2006-12-21,5
1483,2006-12-22,5
1484,2006-12-26,5
1485,2006-12-27,5
1486,2006-12-28,5
1487,2006-12-29,5
1488,2007-01-03,5
1489,2007-01-04,5
1490,2007-01-05,5
1491,2007-01-08,5
1492,2007-01-09,5
1493,2007-01-10,5
1494,2007-01-11,4
1495,2007-01-12,5
1496,2007-01-16,5
1497,2007-01-17,4
1498,2007-01-18,4
1499,2007-01-19,5
1500,2007-01-22,5
1501,2007-01-23,5
1502,2007-01-24,5
1503,2007-01-25,5
1504,2007-01-26,5
1505,2007-01-29,5
1506,2007-01-30,5
1507,2007-01-31,5
1508,2007-02-01,5
1509,2007-02-02,5
1510,2007-02-05,5
1511,2007-02-06,5
1512,2007-02-07,5
1513,2007-02-08,5
1514,2007-02-09,5
1515,2007-02-12,5
1516,2007-02-13,5
1517,2007-02-14,5
1518,2007-02-15,5
1519,2007-02-16,5
1520,2007-02-20,4
1521,2007-02-21,5
1522,2007-02-22,5
1523,2007-02-23,5
1524,2007-02-26,5
1525,2007-02-27,5
1526,2007-02-28,4
1527,2007-03-01,5
1528,2007-03-02,5
1529,2007-03-05,5
1530,2007-03-06,3
1531,2007-03-07,4
1532,2007-03-08,5
1533,2007-03-09,5
1534,2007-03-12,5
1535,2007-03-13,5
1536,2007-03-14,5
1537,2007-03-15,5
1538,2007-03-16,5
1539,2007-03-19,5
1540,2007-03-20,5
1541,2007-03-21,5
1542,2007-03-22,3
1543,2007-03-23,5
1544,2007-03-26,5
1545,2007-03-27,5
1546,2007-03-28,4
1547,2007-03-29,5
1548,2007-03-30,5
1549,2007-04-02,5
1550,2007-04-03,5
1551,2007-04-04,5
1552,2007-04-05,4
1553,2007-04-09,5
1554,2007-04-10,4
1555,2007-04-11,4
1556,2007-04-12,4
1557,2007-04-13,4
1558,2007-04-16,5
1559,2007-04-17,5
1560,2007-04-18,4
1561,2007-04-19,3
1562,2007-04-20,4
1563,2007-04-23,5
1564,2007-04-24,5
1565,2007-04-25,3
1566,2007-04-26,5
1567,2007-04-27,5
1568,2007-04-30,5
1569,2007-05-01,4
1570,2007-05-02,5
1571,2007-05-03,5
1572,2007-05-04,5
1573,2007-05-07,5
1574,2007-05-08,5
1575,2007-05-09,5
1576,2007-05-10,5
1577,2007-05-11,3
1578,2007-05-14,4
1579,2007-05-15,5
1580,2007-05-16,5
1581,2007-05-17,5
1582,2007-05-18,5
1583,2007-05-21,5
1584,2007-05-22,5
1585,2007-05-23,5
1586,2007-05-24,5
1587,2007-05-25,3
1588,2007-05-29,5
1589,2007-05-30,5
1590,2007-05-31,5
1591,2007-06-01,5
1592,2007-06-04,2
1593,2007-06-05,5
1594,2007-06-06,5
1595,2007-06-07,5
1596,2007-06-08,5
1597,2007-06-11,5
1598,2007-06-12,5
1599,2007-06-13,5
1600,2007-06-14,4
1601,2007-06-15,5
1602,2007-06-18,5
1603,2007-06-19,5
1604,2007-06-20,5
1605,2007-06-21,5
1606,2007-06-22,5
1607,2007-06-25,4
1608,2007-06-26,4
1609,2007-06-27,5
1610,2007-06-28,4
1611,2007-06-29,5
1612,2007-07-02,5
1613,2007-07-03,4
1614,2007-07-05,5
1615,2007-07-06,5
1616,2007-07-09,5
1617,2007-07-10,5
1618,2007-07-11,5
1619,2007-07-12,5
1620,2007-07-13,5
1621,2007-07-16,5
1622,2007-07-17,4
1623,2007-07-18,3
1624,2007-07-19,3
1625,2007-07-20,4
1626,2007-07-23,5
1627,2007-07-24,4
1628,2007-07-25,4
1629,2007-07-26,4
1630,2007-07-27,5
1631,2007-07-30,5
1632,2007-07-31,5
1633,2007-08-01,5
1634,2007-08-02,5
1635,2007-08-03,5
1636,2007-08-06,4
1637,2007-08-07,5
1638,2007-08-08,5
1639,2007-08-09,4
1640,2007-08-10,5
1641,2007-08-13,5
1642,2007-08-14,5
1643,2007-08-15,5
1644,2007-08-16,5
1645,2007-08-17,5
1646,2007-08-20,5
1647,2007-08-21,5
1648,2007-08-22,5
1649,2007-08-23,5
1650,2007-08-24,5
1651,2007-08-27,5
1652,2007-08-28,5
1653,2007-08-29,5
1654,2007-08-30,5
1655,2007-08-31,5
1656,2007-09-04,5
1657,2007-09-05,5
1658,2007-09-06,5
1659,2007-09-07,5
1660,2007-09-10,5
1661,2007-09-11,5
1662,2007-09-12,4
1663,2007-09-13,5
1664,2007-09-14,5
1665,2007-09-17,5
1666,2007-09-18,5
1667,2007-09-19,5
1668,2007-09-20,5
1669,2007-09-21,5
1670,2007-09-24,5
1671,2007-09-25,4
1672,2007-09-26,5
1673,2007-09-27,5
1674,2007-09-28,5
1675,2007-10-01,5
1676,2007-10-02,5
1677,2007-10-03,5
1678,2007-10-04,5
1679,2007-10-05,5
1680,2007-10-08,5
1681,2007-10-09,4
1682,2007-10-10,5
1683,2007-10-11,5
1684,2007-10-12,5
1685,2007-10-15,5
1686,2007-10-16,5
1687,2007-10-17,5
1688,2007-10-18,5
1689,2007-10-19,5
1690,2007-10-22,5
1691,2007-10-23,5
1692,2007-10-24,5
1693,2007-10-25,4
1694,2007-10-26,5
1695,2007-10-29,5
1696,2007-10-30,5
1697,2007-10-31,5
1698,2007-11-01,5
1699,2007-11-02,5
1700,2007-11-05,5
1701,2007-11-06,5
1702,2007-11-07,4
1703,2007-11-08,3
1704,2007-11-09,5
1705,2007-11-12,4
1706,2007-11-13,4
1707,2007-11-14,5
1708,2007-11-15,5
1709,2007-11-16,5
1710,2007-11-19,5
1711,2007-11-20,5
1712,2007-11-21,5
1713,2007-11-23,4
1714,2007-11-26,5
1715,2007-11-27,5
1716,2007-11-28,5
1717,2007-11-29,4
1718,2007-11-30,5
1719,2007-12-03,5
1720,2007-12-04,5
1721,2007-12-05,5
1722,2007-12-06,5
1723,2007-12-07,5
1724,2007-12-10,5
1725,2007-12-11,5
1726,2007-12-12,5
1727,2007-12-13,4
1728,2007-12-14,4
1729,2007-12-17,4
1730,2007-12-18,5
1731,2007-12-19,2
1732,2007-12-20,4
1733,2007-12-21,5
1734,2007-12-24,5
1735,2007-12-26,5
1736,2007-12-27,3
1737,2007-12-28,5
1738,2007-12-31,5
1739,2008-01-02,5
1740,2008-01-03,4
1741,2008-01-04,4
1742,2008-01-07,5
1743,2008-01-08,5
1744,2008-01-09,5
1745,2008-01-10,4
1746,2008-01-11,5
1747,2008-01-14,5
1748,2008-01-15,5
1749,2008-01-16,5
1750,2008-01-17,5
1751,2008-01-18,5
1752,2008-01-22,5
1753,2008-01-23,5
1754,2008-01-24,5
1755,2008-01-25,5
1756,2008-01-28,5
1757,2008-01-29,5
1758,2008-01-30,4
1759,2008-01-31,5
1760,2008-02-01,5
1761,2008-02-04,4
1762,2008-02-05,4
1763,2008-02-06,5
1764,2008-02-07,5
1765,2008-02-08,4
1766,2008-02-11,5
1767,2008-02-12,5
1768,2008-02-13,5
1769,2008-02-14,5
1770,2008-02-15,4
1771,2008-02-19,5
1772,2008-02-20,5
1773,2008-02-21,5
1774,2008-02-22,5
1775,2008-02-25,5
1776,2008-02-26,4
1777,2008-02-27,4
1778,2008-02-28,5
1779,2008-02-29,5
1780,2008-03-03,5
1781,2008-03-04,5
1782,2008-03-05,5
1783,2008-03-06,4
1784,2008-03-07,5
1785,2008-03-10,4
1786,2008-03-11,5
1787,2008-03-12,5
1788,2008-03-13,5
1789,2008-03-14,5
1790,2008-03-17,5
1791,2008-03-18,5
1792,2008-03-19,5
1793,2008-03-20,5
1794,2008-03-24,5
1795,2008-03-25,3
1796,2008-03-26,5
1797,2008-03-27,5
1798,2008-03-28,4
1799,2008-03-31,4
1800,2008-04-01,5
1801,2008-04-02,5
1802,2008-04-03,5
1803,2008-04-04,5
1804,2008-04-07,4
1805,2008-04-08,5
1806,2008-04-09,5
1807,2008-04-10,4
1808,2008-04-11,5
1809,2008-04-14,4
1810,2008-04-15,3
1811,2008-04-16,5
1812,2008-04-17,5
1813,2008-04-18,5
1814,2008-04-21,5
1815,2008-04-22,4
1816,2008-04-23,5
1817,2008-04-24,5
1818,2008-04-25,5
1819,2008-04-28,4
1820,2008-04-29,5
1821,2008-04-30,5
1822,2008-05-01,4
1823,2008-05-02,5
1824,2008-05-05,5
1825,2008-05-06,5
1826,2008-05-07,5
1827,2008-05-08,4
1828,2008-05-09,5
1829,2008-05-12,5
1830,2008-05-13,5
1831,2008-05-14,5
1832,2008-05-15,4
1833,2008-05-16,5
1834,2008-05-19,5
1835,2008-05-20,5
1836,2008-05-21,5
1837,2008-05-22,5
1838,2008-05-23,4
1839,2008-05-27,5
1840,2008-05-28,5
1841,2008-05-29,5
1842,2008-05-30,5
1843,2008-06-02,5
1844,2008-06-03,5
1845,2008-06-04,5
1846,2008-06-05,5
1847,2008-06-06,5
1848,2008-06-09,5
1849,2008-06-10,5
1850,2008-06-11,4
1851,2008-06-12,4
1852,2008-06-13,5
1853,2008-06-16,5
1854,2008-06-17,5
1855,2008-06-18,4
1856,2008-06-19,4
1857,2008-06-20,5
1858,2008-06-23,5
1859,2008-06-24,5
1860,2008-06-25,5
1861,2008-06-26,5
1862,2008-06-27,5
1863,2008-06-30,5
1864,2008-07-01,5
1865,2008-07-02,5
1866,2008-07-03,5
1867,2008-07-07,5
1868,2008-07-08,5
1869,2008-07-09,5
1870,2008-07-10,5
1871,2008-07-11,5
1872,2008-07-14,5
1873,2008-07-15,5
1874,2008-07-16,5
1875,2008-07-17,5
1876,2008-07-18,5
1877,2008-07-21,3
1878,2008-07-22,5
1879,2008-07-23,5
1880,2008-07-24,4
1881,2008-07-25,5
1882,2008-07-28,5
1883,2008-07-29,5
1884,2008-07-30,5
1885,2008-07-31,5
1886,2008-08-01,5
1887,2008-08-04,5
1888,2008-08-05,5
1889,2008-08-06,5
1890,2008-08-07,5
1891,2008-08-08,5
1892,2008-08-11,5
1893,2008-08-12,5
1894,2008-08-13,5
1895,2008-08-14,5
1896,2008-08-15,4
1897,2008-08-18,4
1898,2008-08-19,5
1899,2008-08-20,5
1900,2008-08-21,5
1901,2008-08-22,5
1902,2008-08-25,5
1903,2008-08-26,5
1904,2008-08-27,5
1905,2008-08-28,5
1906,2008-08-29,4
1907,2008-09-02,5
1908,2008-09-03,5
1909,2008-09-04,5
1910,2008-09-05,4
1911,2008-09-08,5
1912,2008-09-09,4
1913,2008-09-10,5
1914,2008-09-11,5
1915,2008-09-12,5
1916,2008-09-15,5
1917,2008-09-16,5
1918,2008-09-17,5
1919,2008-09-18,5
1920,2008-09-19,4
1921,2008-09-22,5
1922,2008-09-23,5
1923,2008-09-24,4
1924,2008-09-25,5
1925,2008-09-26,5
1926,2008-09-29,5
1927,2008-09-30,5
1928,2008-10-01,5
1929,2008-10-02,5
1930,2008-10-03,4
1931,2008-10-06,5
1932,2008-10-07,5
1933,2008-10-08,5
1934,2008-10-09,5
1935,2008-10-10,5
1936,2008-10-13,5
1937,2008-10-14,5
1938,2008-10-15,5
1939,2008-10-16,5
1940,2008-10-17,5
1941,2008-10-20,5
1942,2008-10-21,5
1943,2008-10-22,5
1944,2008-10-23,5
1945,2008-10-24,5
1946,2008-10-27,5
1947,2008-10-28,5
1948,2008-10-29,4
1949,2008-10-30,4
1950,2008-10-31,5
1951,2008-11-03,4
1952,2008-11-04,5
1953,2008-11-05,5
1954,2008-11-06,5
1955,2008-11-07,4
1956,2008-11-10,5
1957,2008-11-11,4
1958,2008-11-12,5
1959,2008-11-13,5
1960,2008-11-14,5
1961,2008-11-17,4
1962,2008-11-18,5
1963,2008-11-19,5
1964,2008-11-20,4
1965,2008-11-21,5
1966,2008-11-24,5
1967,2008-11-25,5
1968,2008-11-26,5
1969,2008-11-28,5
1970,2008-12-01,5
1971,2008-12-02,4
1972,2008-12-03,5
1973,2008-12-04,5
1974,2008-12-05,5
1975,2008-12-08,5
1976,2008-12-09,5
1977,2008-12-10,5
1978,2008-12-11,5
1979,2008-12-12,5
1980,2008-12-15,5
1981,2008-12-16,5
1982,2008-12-17,5
1983,2008-12-18,4
1984,2008-12-19,4
1985,2008-12-22,5
1986,2008-12-23,5
1987,2008-12-24,4
1988,2008-12-26,5
1989,2008-12-29,5
1990,2008-12-30,5
1991,2008-12-31,5
1992,2009-01-02,5
1993,2009-01-05,5
1994,2009-01-06,5
1995,2009-01-07,4
1996,2009-01-08,5
1997,2009-01-09,5
1998,2009-01-12,5
1999,2009-01-13,5
2000,2009-01-14,5
2001,2009-01-15,5
2002,2009-01-16,5
2003,2009-01-20,5
2004,2009-01-21,5
2005,2009-01-22,5
2006,2009-01-23,5
2007,2009-01-26,5
2008,2009-01-27,5
2009,2009-01-28,5
2010,2009-01-29,5
2011,2009-01-30,5
2012,2009-02-02,5
2013,2009-02-03,5
2014,2009-02-04,5
2015,2009-02-05,5
2016,2009-02-06,5
2017,2009-02-09,5
2018,2009-02-10,5
2019,2009-02-11,5
2020,2009-02-12,5
2021,2009-02-13,5
2022,2009-02-17,5
2023,2009-02-18,5
2024,2009-02-19,5
2025,2009-02-20,4
2026,2009-02-23,5
2027,2009-02-24,5
2028,2009-02-25,5
2029,2009-02-26,5
2030,2009-02-27,5
2031,2009-03-02,5
2032,2009-03-03,5
2033,2009-03-04,5
2034,2009-03-05,5
2035,2009-03-06,5
2036,2009-03-09,5
2037,2009-03-10,5
2038,2009-03-11,5
2039,2009-03-12,5
2040,2009-03-13,5
2041,2009-03-16,5
2042,2009-03-17,5
2043,2009-03-18,5
2044,2009-03-19,5
2045,2009-03-20,5
2046,2009-03-23,5
2047,2009-03-24,5
2048,2009-03-25,5
2049,2009-03-26,5
2050,2009-03-27,5
2051,2009-03-30,4
2052,2009-03-31,5
2053,2009-04-01,5
2054,2009-04-02,5
2055,2009-04-03,5
2056,2009-04-06,4
2057,2009-04-07,5
2058,2009-04-08,5
2059,2009-04-09,5
2060,2009-04-13,5
2061,2009-04-14,5
2062,2009-04-15,5
2063,2009-04-16,5
2064,2009-04-17,5
2065,2009-04-20,5
2066,2009-04-21,4
2067,2009-04-22,5
2068,2009-04-23,5
2069,2009-04-24,5
2070,2009-04-27,5
2071,2009-04-28,4
2072,2009-04-29,5
2073,2009-04-30,5
2074,2009-05-01,4
2075,2009-05-04,5
2076,2009-05-05,5
2077,2009-05-06,5
2078,2009-05-07,5
2079,2009-05-08,4
2080,2009-05-11,5
2081,2009-05-12,5
2082,2009-05-13,5
2083,2009-05-14,5
2084,2009-05-15,5
2085,2009-05-18,5
2086,2009-05-19,5
2087,2009-05-20,5
2088,2009-05-21,5
2089,2009-05-22,5
2090,2009-05-26,5
2091,2009-05-27,5
2092,2009-05-28,5
2093,2009-05-29,5
2094,2009-06-01,5
2095,2009-06-02,5
2096,2009-06-03,4
2097,2009-06-04,5
2098,2009-06-05,4
2099,2009-06-08,4
2100,2009-06-09,5
2101,2009-06-10,5
2102,2009-06-11,5
2103,2009-06-12,5
2104,2009-06-15,4
2105,2009-06-16,5
2106,2009-06-17,5
2107,2009-06-18,5
2108,2009-06-19,5
2109,2009-06-22,5
2110,2009-06-23,4
2111,2009-06-24,4
2112,2009-06-25,5
2113,2009-06-26,5
2114,2009-06-29,4
2115,2009-06-30,4
2116,2009-07-01,5
2117,2009-07-02,5
2118,2009-07-06,5
2119,2009-07-07,5
2120,2009-07-08,5
2121,2009-07-09,5
2122,2009-07-10,5
2123,2009-07-13,5
2124,2009-07-14,5
2125,2009-07-15,5
2126,2009-07-16,5
2127,2009-07-17,5
2128,2009-07-20,5
2129,2009-07-21,5
2130,2009-07-22,5
2131,2009-07-23,5
2132,2009-07-24,5
2133,2009-07-27,4
2134,2009-07-28,5
2135,2009-07-29,4
2136,2009-07-30,5
2137,2009-07-31,5
2138,2009-08-03,5
2139,2009-08-04,5
2140,2009-08-05,5
2141,2009-08-06,5
2142,2009-08-07,5
2143,2009-08-10,5
2144,2009-08-11,5
2145,2009-08-12,5
2146,2009-08-13,5
2147,2009-08-14,5
2148,2009-08-17,5
2149,2009-08-18,5
2150,2009-08-19,5
2151,2009-08-20,5
2152,2009-08-21,5
2153,2009-08-24,5
2154,2009-08-25,5
2155,2009-08-26,5
2156,2009-08-27,5
2157,2009-08-28,4
2158,2009-08-31,5
2159,2009-09-01,5
2160,2009-09-02,5
2161,2009-09-03,4
2162,2009-09-04,5
2163,2009-09-08,4
2164,2009-09-09,5
2165,2009-09-10,4
2166,2009-09-11,5
2167,2009-09-14,4
2168,2009-09-15,5
2169,2009-09-16,5
2170,2009-09-17,5
2171,2009-09-18,5
2172,2009-09-21,5
2173,2009-09-22,4
2174,2009-09-23,5
2175,2009-09-24,5
2176,2009-09-25,5
2177,2009-09-28,5
2178,2009-09-29,5
2179,2009-09-30,5
2180,2009-10-01,5
2181,2009-10-02,5
2182,2009-10-05,5
2183,2009-10-06,5
2184,2009-10-07,5
2185,2009-10-08,4
2186,2009-10-09,5
2187,2009-10-12,5
2188,2009-10-13,5
2189,2009-10-14,5
2190,2009-10-15,5
2191,2009-10-16,5
2192,2009-10-19,5
2193,2009-10-20,5
2194,2009-10-21,5
2195,2009-10-22,5
2196,2009-10-23,5
2197,2009-10-26,5
2198,2009-10-27,5
2199,2009-10-28,5
2200,2009-10-29,5
2201,2009-10-30,5
2202,2009-11-02,5
2203,2009-11-03,4
2204,2009-11-04,4
2205,2009-11-05,5
2206,2009-11-06,4
2207,2009-11-09,5
2208,2009-11-10,5
2209,2009-11-11,4
2210,2009-11-12,5
2211,2009-11-13,5
2212,2009-11-16,5
2213,2009-11-17,5
2214,2009-11-18,4
2215,2009-11-19,4
2216,2009-11-20,4
2217,2009-11-23,5
2218,2009-11-24,4
2219,2009-11-25,5
2220,2009-11-27,5
2221,2009-11-30,5
2222,2009-12-01,5
2223,2009-12-02,5
2224,2009-12-03,5
2225,2009-12-04,4
2226,2009-12-07,5
2227,2009-12-08,5
2228,2009-12-09,5
2229,2009-12-10,5
2230,2009-12-11,5
2231,2009-12-14,5
2232,2009-12-15,5
2233,2009-12-16,4
2234,2009-12-17,5
2235,2009-12-18,4
2236,2009-12-21,5
2237,2009-12-22,5
2238,2009-12-23,5
2239,2009-12-24,4
2240,2009-12-28,4
2241,2009-12-29,5
2242,2009-12-30,4
2243,2009-12-31,5
2244,2010-01-04,5
2245,2010-01-05,5
2246,2010-01-06,4
2247,2010-01-07,5
2248,2010-01-08,5
2249,2010-01-11,5
2250,2010-01-12,4
2251,2010-01-13,5
2252,2010-01-14,5
2253,2010-01-15,5
2254,2010-01-19,4
2255,2010-01-20,5
2256,2010-01-21,5
2257,2010-01-22,5
2258,2010-01-25,5
2259,2010-01-26,4
2260,2010-01-27,5
2261,2010-01-28,4
2262,2010-01-29,5
2263,2010-02-01,5
2264,2010-02-02,5
2265,2010-02-03,5
2266,2010-02-04,5
2267,2010-02-05,5
2268,2010-02-08,5
2269,2010-02-09,5
2270,2010-02-10,4
2271,2010-02-11,5
2272,2010-02-12,4
2273,2010-02-16,5
2274,2010-02-17,4
2275,2010-02-18,5
2276,2010-02-19,5
2277,2010-02-22,5
2278,2010-02-23,3
2279,2010-02-24,5
2280,2010-02-25,4
2281,2010-02-26,5
2282,2010-03-01,5
2283,2010-03-02,5
2284,2010-03-03,5
2285,2010-03-04,5
2286,2010-03-05,4
2287,2010-03-08,5
2288,2010-03-09,5
2289,2010-03-10,5
2290,2010-03-11,4
2291,2010-03-12,4
2292,2010-03-15,4
2293,2010-03-16,5
2294,2010-03-17,5
2295,2010-03-18,5
2296,2010-03-19,1
2297,2010-03-22,5
2298,2010-03-23,5
2299,2010-03-24,5
2300,2010-03-25,5
2301,2010-03-26,3
2302,2010-03-29,4
2303,2010-03-30,4
2304,2010-03-31,5
2305,2010-04-01,5
2306,2010-04-05,5
2307,2010-04-06,5
2308,2010-04-07,5
2309,2010-04-08,5
2310,2010-04-09,5
2311,2010-04-12,4
2312,2010-04-13,5
2313,2010-04-14,5
2314,2010-04-15,4
2315,2010-04-16,5
2316,2010-04-19,5
2317,2010-04-20,5
2318,2010-04-21,5
2319,2010-04-22,5
2320,2010-04-23,5
2321,2010-04-26,5
2322,2010-04-27,5
2323,2010-04-28,5
2324,2010-04-29,5
2325,2010-04-30,5
2326,2010-05-03,5
2327,2010-05-04,5
2328,2010-05-05,5
2329,2010-05-06,5
2330,2010-05-07,5
2331,2010-05-10,4
2332,2010-05-11,5
2333,2010-05-12,5
2334,2010-05-13,5
2335,2010-05-14,5
2336,2010-05-17,5
2337,2010-05-18,5
2338,2010-05-19,5
2339,2010-05-20,5
2340,2010-05-21,5
2341,2010-05-24,4
2342,2010-05-25,5
2343,2010-05-26,5
2344,2010-05-27,5
2345,2010-05-28,5
2346,2010-06-01,5
2347,2010-06-02,5
2348,2010-06-03,5
2349,2010-06-04,5
2350,2010-06-07,5
2351,2010-06-08,5
2352,2010-06-09,5
2353,2010-06-10,5
2354,2010-06-11,5
2355,2010-06-14,4
2356,2010-06-15,5
2357,2010-06-16,5
2358,2010-06-17,5
2359,2010-06-18,5
2360,2010-06-21,5
2361,2010-06-22,5
2362,2010-06-23,5
2363,2010-06-24,5
2364,2010-06-25,5
2365,2010-06-28,5
2366,2010-06-29,4
2367,2010-06-30,5
2368,2010-07-01,5
2369,2010-07-02,5
2370,2010-07-06,5
2371,2010-07-07,5
2372,2010-07-08,5
2373,2010-07-09,5
2374,2010-07-12,4
2375,2010-07-13,4
2376,2010-07-14,5
2377,2010-07-15,5
2378,2010-07-16,5
2379,2010-07-19,5
2380,2010-07-20,5
2381,2010-07-21,5
2382,2010-07-22,5
2383,2010-07-23,5
2384,2010-07-26,5
2385,2010-07-27,4
2386,2010-07-28,5
2387,2010-07-29,5
2388,2010-07-30,5
2389,2010-08-02,5
2390,2010-08-03,5
2391,2010-08-04,5
2392,2010-08-05,4
2393,2010-08-06,5
2394,2010-08-09,4
2395,2010-08-10,5
2396,2010-08-11,5
2397,2010-08-12,4
2398,2010-08-13,4
2399,2010-08-16,5
2400,2010-08-17,5
2401,2010-08-18,5
2402,2010-08-19,5
2403,2010-08-20,5
2404,2010-08-23,5
2405,2010-08-24,5
2406,2010-08-25,4
2407,2010-08-26,4
2408,2010-08-27,4
2409,2010-08-30,5
2410,2010-08-31,5
2411,2010-09-01,5
2412,2010-09-02,5
2413,2010-09-03,4
2414,2010-09-07,5
2415,2010-09-08,4
2416,2010-09-09,5
2417,2010-09-10,3
2418,2010-09-13,5
2419,2010-09-14,5
2420,2010-09-15,5
2421,2010-09-16,5
2422,2010-09-17,5
2423,2010-09-20,5
2424,2010-09-21,4
2425,2010-09-22,5
2426,2010-09-23,5
2427,2010-09-24,5
2428,2010-09-27,5
2429,2010-09-28,5
2430,2010-09-29,5
2431,2010-09-30,5
2432,2010-10-01,4
2433,2010-10-04,4
2434,2010-10-05,5
2435,2010-10-06,5
2436,2010-10-07,5
2437,2010-10-08,5
2438,2010-10-11,5
2439,2010-10-12,5
2440,2010-10-13,4
2441,2010-10-14,5
2442,2010-10-15,5
2443,2010-10-18,4
2444,2010-10-19,5
2445,2010-10-20,5
2446,2010-10-21,4
2447,2010-10-22,5
2448,2010-10-25,5
2449,2010-10-26,5
2450,2010-10-27,4
2451,2010-10-28,5
2452,2010-10-29,5
2453,2010-11-01,5
2454,2010-11-02,5
2455,2010-11-03,4
2456,2010-11-04,5
2457,2010-11-05,5
2458,2010-11-08,5
2459,2010-11-09,4
2460,2010-11-10,5
2461,2010-11-11,4
2462,2010-11-12,5
2463,2010-11-15,5
2464,2010-11-16,5
2465,2010-11-17,5
2466,2010-11-18,5
2467,2010-11-19,5
2468,2010-11-22,5
2469,2010-11-23,5
2470,2010-11-24,5
2471,2010-11-26,5
2472,2010-11-29,5
2473,2010-11-30,5
2474,2010-12-01,5
2475,2010-12-02,5
2476,2010-12-03,4
2477,2010-12-06,5
2478,2010-12-07,5
2479,2010-12-08,5
2480,2010-12-09,5
2481,2010-12-10,5
2482,2010-12-13,5
2483,2010-12-14,5
2484,2010-12-15,5
2485,2010-12-16,4
2486,2010-12-17,5
2487,2010-12-20,5
2488,2010-12-21,5
2489,2010-12-22,5
2490,2010-12-23,5
2491,2010-12-27,5
2492,2010-12-28,5
2493,2010-12-29,5
2494,2010-12-30,5
2495,2010-12-31,5
2496,2011-01-03,5
2497,2011-01-04,5
2498,2011-01-05,5
2499,2011-01-06,4
2500,2011-01-07,5
2501,2011-01-10,5
2502,2011-01-11,5
2503,2011-01-12,5
2504,2011-01-13,5
2505,2011-01-14,5
2506,2011-01-18,5
2507,2011-01-19,5
2508,2011-01-20,5
2509,2011-01-21,5
2510,2011-01-24,5
2511,2011-01-25,5
2512,2011-01-26,5
2513,2011-01-27,5
2514,2011-01-28,5
2515,2011-01-31,5
2516,2011-02-01,5
2517,2011-02-02,3
2518,2011-02-03,3
2519,2011-02-04,5
2520,2011-02-07,5
2521,2011-02-08,5
2522,2011-02-09,5
2523,2011-02-10,4
2524,2011-02-11,4
2525,2011-02-14,5
2526,2011-02-15,5
2527,2011-02-16,5
2528,2011-02-17,4
2529,2011-02-18,5
2530,2011-02-22,5
2531,2011-02-23,4
2532,2011-02-24,5
2533,2011-02-25,5
2534,2011-02-28,5
2535,2011-03-01,5
2536,2011-03-02,5
2537,2011-03-03,5
2538,2011-03-04,5
2539,2011-03-07,5
2540,2011-03-08,5
2541,2011-03-09,5
2542,2011-03-10,4
2543,2011-03-11,4
2544,2011-03-14,5
2545,2011-03-15,5
2546,2011-03-16,5
2547,2011-03-17,5
2548,2011-03-18,5
2549,2011-03-21,5
2550,2011-03-22,5
2551,2011-03-23,4
2552,2011-03-24,4
2553,2011-03-25,5
2554,2011-03-28,5
2555,2011-03-29,5
2556,2011-03-30,4
2557,2011-03-31,5
2558,2011-04-01,5
2559,2011-04-04,5
2560,2011-04-05,5
2561,2011-04-06,5
2562,2011-04-07,4
2563,2011-04-08,5
2564,2011-04-11,5
2565,2011-04-12,5
2566,2011-04-13,5
2567,2011-04-14,5
2568,2011-04-15,5
2569,2011-04-18,5
2570,2011-04-19,5
2571,2011-04-20,5
2572,2011-04-21,5
2573,2011-04-25,4
2574,2011-04-26,5
2575,2011-04-27,5
2576,2011-04-28,5
2577,2011-04-29,5
2578,2011-05-02,4
2579,2011-05-03,5
2580,2011-05-04,5
2581,2011-05-05,5
2582,2011-05-06,5
2583,2011-05-09,5
2584,2011-05-10,5
2585,2011-05-11,5
2586,2011-05-12,4
2587,2011-05-13,5
2588,2011-05-16,5
2589,2011-05-17,5
2590,2011-05-18,5
2591,2011-05-19,5
2592,2011-05-20,5
2593,2011-05-23,5
2594,2011-05-24,4
2595,2011-05-25,5
2596,2011-05-26,5
2597,2011-05-27,5
2598,2011-05-31,4
2599,2011-06-01,5
2600,2011-06-02,5
2601,2011-06-03,5
2602,2011-06-06,5
2603,2011-06-07,5
2604,2011-06-08,5
2605,2011-06-09,4
2606,2011-06-10,5
2607,2011-06-13,5
2608,2011-06-14,5
2609,2011-06-15,5
2610,2011-06-16,5
2611,2011-06-17,5
2612,2011-06-20,4
2613,2011-06-21,5
2614,2011-06-22,4
2615,2011-06-23,5
2616,2011-06-24,4
2617,2011-06-27,5
2618,2011-06-28,5
2619,2011-06-29,4
2620,2011-06-30,5
2621,2011-07-01,5
2622,2011-07-05,5
2623,2011-07-06,4
2624,2011-07-07,5
2625,2011-07-08,5
2626,2011-07-11,4
2627,2011-07-12,5
2628,2011-07-13,5
2629,2011-07-14,5
2630,2011-07-15,5
2631,2011-07-18,5
2632,2011-07-19,4
2633,2011-07-20,4
2634,2011-07-21,5
2635,2011-07-22,5
2636,2011-07-25,5
2637,2011-07-26,5
2638,2011-07-27,5
2639,2011-07-28,5
2640,2011-07-29,5
2641,2011-08-01,5
2642,2011-08-02,5
2643,2011-08-03,4
2644,2011-08-04,5
2645,2011-08-05,5
2646,2011-08-08,5
2647,2011-08-09,5
2648,2011-08-10,5
2649,2011-08-11,5
2650,2011-08-12,5
2651,2011-08-15,4
2652,2011-08-16,5
2653,2011-08-17,4
2654,2011-08-18,5
2655,2011-08-19,5
2656,2011-08-22,5
2657,2011-08-23,5
2658,2011-08-24,5
2659,2011-08-25,5
2660,2011-08-26,5
2661,2011-08-29,5
2662,2011-08-30,5
2663,2011-08-31,5
2664,2011-09-01,5
2665,2011-09-02,5
2666,2011-09-06,5
2667,2011-09-07,3
2668,2011-09-08,5
2669,2011-09-09,5
2670,2011-09-12,5
2671,2011-09-13,5
2672,2011-09-14,5
2673,2011-09-15,5
2674,2011-09-16,5
2675,2011-09-19,5
2676,2011-09-20,5
2677,2011-09-21,5
2678,2011-09-22,4
2679,2011-09-23,4
2680,2011-09-26,5
2681,2011-09-27,5
2682,2011-09-28,5
2683,2011-09-29,5
2684,2011-09-30,5
2685,2011-10-03,5
2686,2011-10-04,5
2687,2011-10-05,4
2688,2011-10-06,5
2689,2011-10-07,5
2690,2011-10-10,5
2691,2011-10-11,5
2692,2011-10-12,4
2693,2011-10-13,5
2694,2011-10-14,5
2695,2011-10-17,5
2696,2011-10-18,4
2697,2011-10-19,5
2698,2011-10-20,5
2699,2011-10-21,4
2700,2011-10-24,5
2701,2011-10-25,5
2702,2011-10-26,4
2703,2011-10-27,5
2704,2011-10-28,5
2705,2011-10-31,5
2706,2011-11-01,5
2707,2011-11-02,5
2708,2011-11-03,5
2709,2011-11-04,4
2710,2011-11-07,5
2711,2011-11-08,5
2712,2011-11-09,5
2713,2011-11-10,5
2714,2011-11-11,5
2715,2011-11-14,5
2716,2011-11-15,5
2717,2011-11-16,5
2718,2011-11-17,5
2719,2011-11-18,4
2720,2011-11-21,5
2721,2011-11-22,5
2722,2011-11-23,5
2723,2011-11-25,5
2724,2011-11-28,5
2725,2011-11-29,5
2726,2011-11-30,5
2727,2011-12-01,5
2728,2011-12-02,4
2729,2011-12-05,4
2730,2011-12-06,5
2731,2011-12-07,5
2732,2011-12-08,5
2733,2011-12-09,5
2734,2011-12-12,4
2735,2011-12-13,5
2736,2011-12-14,5
2737,2011-12-15,5
2738,2011-12-16,5
2739,2011-12-19,5
2740,2011-12-20,5
2741,2011-12-21,4
2742,2011-12-22,5
2743,2011-12-23,5
2744,2011-12-27,5
2745,2011-12-28,5
2746,2011-12-29,5
2747,2011-12-30,5
2748,2012-01-03,5
2749,2012-01-04,5
2750,2012-01-05,5
2751,2012-01-06,5
2752,2012-01-09,5
2753,2012-01-10,5
2754,2012-01-11,4
2755,2012-01-12,4
2756,2012-01-13,5
2757,2012-01-17,5
2758,2012-01-18,5
2759,2012-01-19,5
2760,2012-01-20,5
2761,2012-01-23,5
2762,2012-01-24,5
2763,2012-01-25,5
2764,2012-01-26,5
2765,2012-01-27,3
2766,2012-01-30,5
2767,2012-01-31,5
2768,2012-02-01,5
2769,2012-02-02,5
2770,2012-02-03,4
2771,2012-02-06,5
2772,2012-02-07,5
2773,2012-02-08,5
2774,2012-02-09,4
2775,2012-02-10,5
2776,2012-02-13,5
2777,2012-02-14,5
2778,2012-02-15,5
2779,2012-02-16,5
2780,2012-02-17,5
2781,2012-02-21,5
2782,2012-02-22,5
2783,2012-02-23,5
2784,2012-02-24,5
2785,2012-02-27,5
2786,2012-02-28,5
2787,2012-02-29,5
2788,2012-03-01,4
2789,2012-03-02,5
2790,2012-03-05,5
2791,2012-03-06,5
2792,2012-03-07,5
2793,2012-03-08,4
2794,2012-03-09,5
2795,2012-03-12,5
2796,2012-03-13,5
2797,2012-03-14,5
2798,2012-03-15,4
2799,2012-03-16,5
2800,2012-03-19,4
2801,2012-03-20,5
2802,2012-03-21,5
2803,2012-03-22,5
2804,2012-03-23,5
2805,2012-03-26,5
2806,2012-03-27,5
2807,2012-03-28,4
2808,2012-03-29,5
2809,2012-03-30,4
2810,2012-04-02,5
2811,2012-04-03,5
2812,2012-04-04,5
2813,2012-04-05,4
2814,2012-04-09,5
2815,2012-04-10,5
2816,2012-04-11,5
2817,2012-04-12,5
2818,2012-04-13,5
2819,2012-04-16,5
2820,2012-04-17,5
2821,2012-04-18,5
2822,2012-04-19,5
2823,2012-04-20,5
2824,2012-04-23,5
2825,2012-04-24,4
2826,2012-04-25,5
2827,2012-04-26,5
2828,2012-04-27,4
2829,2012-04-30,4
2830,2012-05-01,5
2831,2012-05-02,5
2832,2012-05-03,5
2833,2012-05-04,5
2834,2012-05-07,5
2835,2012-05-08,5
2836,2012-05-09,5
2837,2012-05-10,4
2838,2012-05-11,5
2839,2012-05-14,5
2840,2012-05-15,5
2841,2012-05-16,5
2842,2012-05-17,5
2843,2012-05-18,5
2844,2012-05-21,5
2845,2012-05-22,5
2846,2012-05-23,5
2847,2012-05-24,5
2848,2012-05-25,5
2849,2012-05-29,5
2850,2012-05-30,5
2851,2012-05-31,5
2852,2012-06-01,5
2853,2012-06-04,4
2854,2012-06-05,5
2855,2012-06-06,5
2856,2012-06-07,5
2857,2012-06-08,5
2858,2012-06-11,5
2859,2012-06-12,5
2860,2012-06-13,5
2861,2012-06-14,5
2862,2012-06-15,5
2863,2012-06-18,5
2864,2012-06-19,5
2865,2012-06-20,5
2866,2012-06-21,5
2867,2012-06-22,3
2868,2012-06-25,5
2869,2012-06-26,5
2870,2012-06-27,5
2871,2012-06-28,5
2872,2012-06-29,5
2873,2012-07-02,5
2874,2012-07-03,5
2875,2012-07-05,5
2876,2012-07-06,4
2877,2012-07-09,5
2878,2012-07-10,5
2879,2012-07-11,5
2880,2012-07-12,5
2881,2012-07-13,5
2882,2012-07-16,4
2883,2012-07-17,4
2884,2012-07-18,5
2885,2012-07-19,5
2886,2012-07-20,5
2887,2012-07-23,5
2888,2012-07-24,5
2889,2012-07-25,5
2890,2012-07-26,4
2891,2012-07-27,5
2892,2012-07-30,5
2893,2012-07-31,5
2894,2012-08-01,5
2895,2012-08-02,4
2896,2012-08-03,5
2897,2012-08-06,5
2898,2012-08-07,5
2899,2012-08-08,5
2900,2012-08-09,5
2901,2012-08-10,5
2902,2012-08-13,5
2903,2012-08-14,5
2904,2012-08-15,5
2905,2012-08-16,5
2906,2012-08-17,5
2907,2012-08-20,5
2908,2012-08-21,5
2909,2012-08-22,5
2910,2012-08-23,5
2911,2012-08-24,5
2912,2012-08-27,5
2913,2012-08-28,5
2914,2012-08-29,5
2915,2012-08-30,5
2916,2012-08-31,5
2917,2012-09-04,5
2918,2012-09-05,5
2919,2012-09-06,5
2920,2012-09-07,5
2921,2012-09-10,5
2922,2012-09-11,5
2923,2012-09-12,5
2924,2012-09-13,5
2925,2012-09-14,5
2926,2012-09-17,5
2927,2012-09-18,5
2928,2012-09-19,5
2929,2012-09-20,5
2930,2012-09-21,5
2931,2012-09-24,5
2932,2012-09-25,5
2933,2012-09-26,5
2934,2012-09-27,5
2935,2012-09-28,5
2936,2012-10-01,5
2937,2012-10-02,5
2938,2012-10-03,3
2939,2012-10-04,4
2940,2012-10-05,5
2941,2012-10-08,5
2942,2012-10-09,5
2943,2012-10-10,5
2944,2012-10-11,5
2945,2012-10-12,5
2946,2012-10-15,5
2947,2012-10-16,4
2948,2012-10-17,5
2949,2012-10-18,5
2950,2012-10-19,5
2951,2012-10-22,5
2952,2012-10-23,5
2953,2012-10-24,5
2954,2012-10-25,5
2955,2012-10-26,5
2956,2012-10-31,5
2957,2012-11-01,5
2958,2012-11-02,5
2959,2012-11-05,5
2960,2012-11-06,5
2961,2012-11-07,5
2962,2012-11-08,5
2963,2012-11-09,5
2964,2012-11-12,5
2965,2012-11-13,5
2966,2012-11-14,5
2967,2012-11-15,4
2968,2012-11-16,5
2969,2012-11-19,5
2970,2012-11-20,5
2971,2012-11-21,5
2972,2012-11-23,5
2973,2012-11-26,5
2974,2012-11-27,5
2975,2012-11-28,5
2976,2012-11-29,5
2977,2012-11-30,4
2978,2012-12-03,5
2979,2012-12-04,5
2980,2012-12-05,5
2981,2012-12-06,5
2982,2012-12-07,5
2983,2012-12-10,5
2984,2012-12-11,5
2985,2012-12-12,5
2986,2012-12-13,5
2987,2012-12-14,5
2988,2012-12-17,4
2989,2012-12-18,5
2990,2012-12-19,5
2991,2012-12-20,5
2992,2012-12-21,5
2993,2012-12-24,5
2994,2012-12-26,5
2995,2012-12-27,5
2996,2012-12-28,5
2997,2012-12-31,5
2998,2013-01-02,5
2999,2013-01-03,5
3000,2013-01-04,5
3001,2013-01-07,5
3002,2013-01-08,5
3003,2013-01-09,5
3004,2013-01-10,5
3005,2013-01-11,5
3006,2013-01-14,4
3007,2013-01-15,5
3008,2013-01-16,5
3009,2013-01-17,5
3010,2013-01-18,5
3011,2013-01-22,5
3012,2013-01-23,4
3013,2013-01-24,5
3014,2013-01-25,5
3015,2013-01-28,4
3016,2013-01-29,5
3017,2013-01-30,5
3018,2013-01-31,5
3019,2013-02-01,5
3020,2013-02-04,5
3021,2013-02-05,5
3022,2013-02-06,5
3023,2013-02-07,5
3024,2013-02-08,5
3025,2013-02-11,5
3026,2013-02-12,5
3027,2013-02-13,4
3028,2013-02-14,4
3029,2013-02-15,5
3030,2013-02-19,5
3031,2013-02-20,5
3032,2013-02-21,5
3033,2013-02-22,4
3034,2013-02-25,5
3035,2013-02-26,5
3036,2013-02-27,5
3037,2013-02-28,5
3038,2013-03-01,5
3039,2013-03-04,5
3040,2013-03-05,4
3041,2013-03-06,5
3042,2013-03-07,5
3043,2013-03-08,5
3044,2013-03-11,4
3045,2013-03-12,5
3046,2013-03-13,4
3047,2013-03-14,4
3048,2013-03-15,4
3049,2013-03-18,5
3050,2013-03-19,5
3051,2013-03-20,5
3052,2013-03-21,5
3053,2013-03-22,5
3054,2013-03-25,5
3055,2013-03-26,5
3056,2013-03-27,4
3057,2013-03-28,5
3058,2013-04-01,5
3059,2013-04-02,5
3060,2013-04-03,5
3061,2013-04-04,5
3062,2013-04-05,5
3063,2013-04-08,5
3064,2013-04-09,5
3065,2013-04-10,5
3066,2013-04-11,5
3067,2013-04-12,5
3068,2013-04-15,5
3069,2013-04-16,5
3070,2013-04-17,5
3071,2013-04-18,5
3072,2013-04-19,5
3073,2013-04-22,5
3074,2013-04-23,5
3075,2013-04-24,5
3076,2013-04-25,5
3077,2013-04-26,5
3078,2013-04-29,5
3079,2013-04-30,5
3080,2013-05-01,5
3081,2013-05-02,5
3082,2013-05-03,4
3083,2013-05-06,5
3084,2013-05-07,4
3085,2013-05-08,5
3086,2013-05-09,5
3087,2013-05-10,5
3088,2013-05-13,5
3089,2013-05-14,5
3090,2013-05-15,5
3091,2013-05-16,5
3092,2013-05-17,5
3093,2013-05-20,5
3094,2013-05-21,5
3095,2013-05-22,5
3096,2013-05-23,5
3097,2013-05-24,5
3098,2013-05-28,5
3099,2013-05-29,5
3100,2013-05-30,5
3101,2013-05-31,5
3102,2013-06-03,5
3103,2013-06-04,5
3104,2013-06-05,5
3105,2013-06-07,5
3106,2013-06-10,5
3107,2013-06-11,5
3108,2013-06-12,5
3109,2013-06-13,5
3110,2013-06-14,5
3111,2013-06-17,5
3112,2013-06-18,4
3113,2013-06-19,5
3114,2013-06-20,5
3115,2013-06-21,5
3116,2013-06-24,5
3117,2013-06-25,5
3118,2013-06-26,5
3119,2013-06-27,5
3120,2013-06-28,5
3121,2013-07-01,5
3122,2013-07-02,5
3123,2013-07-03,5
3124,2013-07-05,5
3125,2013-07-08,5
3126,2013-07-09,5
3127,2013-07-10,5
3128,2013-07-11,5
3129,2013-07-12,5
3130,2013-07-15,5
3131,2013-07-16,5
3132,2013-07-17,5
3133,2013-07-18,5
3134,2013-07-19,5
3135,2013-07-22,4
3136,2013-07-23,5
3137,2013-07-24,5
3138,2013-07-25,5
3139,2013-07-26,5
3140,2013-07-29,5
3141,2013-07-30,5
3142,2013-07-31,4
3143,2013-08-01,4
3144,2013-08-02,5
3145,2013-08-05,5
3146,2013-08-06,5
3147,2013-08-07,5
3148,2013-08-08,5
3149,2013-08-09,5
3150,2013-08-12,5
3151,2013-08-13,5
3152,2013-08-14,5
3153,2013-08-15,5
3154,2013-08-16,5
3155,2013-08-19,5
3156,2013-08-20,5
3157,2013-08-21,5
3158,2013-08-22,5
3159,2013-08-23,4
3160,2013-08-26,5
3161,2013-08-27,5
3162,2013-08-28,5
3163,2013-08-29,4
3164,2013-08-30,5
3165,2013-09-03,5
3166,2013-09-04,5
3167,2013-09-05,5
3168,2013-09-06,5
3169,2013-09-09,5
3170,2013-09-10,5
3171,2013-09-11,5
3172,2013-09-12,5
3173,2013-09-13,5
3174,2013-09-16,5
3175,2013-09-17,5
3176,2013-09-18,5
3177,2013-09-19,5
3178,2013-09-20,5
3179,2013-09-23,5
3180,2013-09-24,5
3181,2013-09-25,5
3182,2013-09-26,5
3183,2013-09-27,5
3184,2013-09-30,3
3185,2013-10-01,5
3186,2013-10-02,4
3187,2013-10-03,5
3188,2013-10-04,5
3189,2013-10-07,4
3190,2013-10-08,4
3191,2013-10-09,5
3192,2013-10-10,5
3193,2013-10-11,5
3194,2013-10-14,5
3195,2013-10-15,5
3196,2013-10-16,5
3197,2013-10-17,5
3198,2013-10-18,5
3199,2013-10-21,4
3200,2013-10-22,5
3201,2013-10-23,5
3202,2013-10-24,5
3203,2013-10-25,5
3204,2013-10-28,5
3205,2013-10-29,5
3206,2013-10-30,5
3207,2013-10-31,5
3208,2013-11-01,5
3209,2013-11-04,5
3210,2013-11-05,5
3211,2013-11-06,5
3212,2013-11-07,5
3213,2013-11-08,5
3214,2013-11-11,5
3215,2013-11-12,4
3216,2013-11-13,5
3217,2013-11-14,5
3218,2013-11-15,5
3219,2013-11-18,5
3220,2013-11-19,5
3221,2013-11-20,5
3222,2013-11-21,5
3223,2013-11-22,5
3224,2013-11-25,5
3225,2013-11-26,5
3226,2013-11-27,5
3227,2013-11-29,5
3228,2013-12-02,5
3229,2013-12-03,4
3230,2013-12-04,5
3231,2013-12-05,5
3232,2013-12-06,5
3233,2013-12-09,5
3234,2013-12-10,5
3235,2013-12-11,5
3236,2013-12-12,5
3237,2013-12-13,5
3238,2013-12-16,5
3239,2013-12-17,5
3240,2013-12-18,5
3241,2013-12-19,5
3242,2013-12-20,3
3243,2013-12-23,5
3244,2013-12-24,4
3245,2013-12-26,5
3246,2013-12-27,5
3247,2013-12-30,5
3248,2013-12-31,5
3249,2014-01-02,5
3250,2014-01-03,5
3251,2014-01-06,4
3252,2014-01-07,5
3253,2014-01-08,5
3254,2014-01-09,5
3255,2014-01-10,5
3256,2014-01-13,4
3257,2014-01-14,5
3258,2014-01-15,5
3259,2014-01-16,5
3260,2014-01-17,5
3261,2014-01-21,5
3262,2014-01-22,5
3263,2014-01-23,5
3264,2014-01-24,5
3265,2014-01-27,5
3266,2014-01-28,5
3267,2014-01-29,5
3268,2014-01-30,5
3269,2014-01-31,5
3270,2014-02-03,5
3271,2014-02-04,5
3272,2014-02-05,5
3273,2014-02-06,5
3274,2014-02-07,5
3275,2014-02-10,5
3276,2014-02-11,5
3277,2014-02-12,5
3278,2014-02-13,5
3279,2014-02-14,5
3280,2014-02-18,5
3281,2014-02-19,5
3282,2014-02-20,5
3283,2014-02-21,5
3284,2014-02-24,5
3285,2014-02-25,5
3286,2014-02-26,5
3287,2014-02-27,5
3288,2014-02-28,5
3289,2014-03-03,5
3290,2014-03-04,5
3291,2014-03-05,5
3292,2014-03-06,5
3293,2014-03-07,4
3294,2014-03-10,5
3295,2014-03-11,5
3296,2014-03-12,5
3297,2014-03-13,5
3298,2014-03-14,5
3299,2014-03-17,5
3300,2014-03-18,5
3301,2014-03-19,5
3302,2014-03-20,5
3303,2014-03-21,4
3304,2014-03-24,4
3305,2014-03-25,5
3306,2014-03-26,5
3307,2014-03-27,4
3308,2014-03-28,5
3309,2014-03-31,5
3310,2014-04-01,5
3311,2014-04-02,5
3312,2014-04-03,5
3313,2014-04-04,5
3314,2014-04-07,5
3315,2014-04-08,5
3316,2014-04-09,5
3317,2014-04-10,5
3318,2014-04-11,5
3319,2014-04-14,5
3320,2014-04-15,5
3321,2014-04-16,5
3322,2014-04-17,5
3323,2014-04-21,5
3324,2014-04-22,5
3325,2014-04-23,5
3326,2014-04-24,5
3327,2014-04-25,5
3328,2014-04-28,5
3329,2014-04-29,5
3330,2014-04-30,5
3331,2014-05-01,5
3332,2014-05-02,5
3333,2014-05-05,5
3334,2014-05-06,5
3335,2014-05-07,5
3336,2014-05-08,5
3337,2014-05-09,5
3338,2014-05-12,5
3339,2014-05-13,5
3340,2014-05-14,5
3341,2014-05-15,5
3342,2014-05-16,5
3343,2014-05-19,5
3344,2014-05-20,4
3345,2014-05-21,5
3346,2014-05-22,5
3347,2014-05-23,4
3348,2014-05-27,4
3349,2014-05-28,5
3350,2014-05-29,5
3351,2014-05-30,5
3352,2014-06-02,5
3353,2014-06-03,5
3354,2014-06-04,5
3355,2014-06-05,4
3356,2014-06-06,5
3357,2014-06-09,4
3358,2014-06-10,5
3359,2014-06-11,5
3360,2014-06-12,5
3361,2014-06-13,4
3362,2014-06-16,5
3363,2014-06-17,4
3364,2014-06-18,5
3365,2014-06-19,5
3366,2014-06-20,5
3367,2014-06-23,5
3368,2014-06-24,5
3369,2014-06-25,5
3370,2014-06-26,5
3371,2014-06-27,5
3372,2014-06-30,5
3373,2014-07-01,5
3374,2014-07-02,4
3375,2014-07-03,5
3376,2014-07-07,5
3377,2014-07-08,5
3378,2014-07-09,5
3379,2014-07-10,5
3380,2014-07-11,4
3381,2014-07-14,5
3382,2014-07-15,5
3383,2014-07-16,5
3384,2014-07-17,4
3385,2014-07-18,4
3386,2014-07-21,4
3387,2014-07-22,5
3388,2014-07-23,5
3389,2014-07-24,4
3390,2014-07-25,5
3391,2014-07-28,5
3392,2014-07-29,5
3393,2014-07-30,5
3394,2014-07-31,5
3395,2014-08-01,5
3396,2014-08-04,5
3397,2014-08-05,5
3398,2014-08-06,5
3399,2014-08-07,5
3400,2014-08-08,5
3401,2014-08-11,5
3402,2014-08-12,5
3403,2014-08-13,5
3404,2014-08-14,5
3405,2014-08-15,5
3406,2014-08-18,5
3407,2014-08-19,4
3408,2014-08-20,5
3409,2014-08-21,5
3410,2014-08-22,5
3411,2014-08-25,5
3412,2014-08-26,4
3413,2014-08-27,5
3414,2014-08-28,5
3415,2014-08-29,4
3416,2014-09-02,5
3417,2014-09-03,5
3418,2014-09-04,5
3419,2014-09-05,5
3420,2014-09-08,4
3421,2014-09-09,5
3422,2014-09-10,5
3423,2014-09-11,5
3424,2014-09-12,5
3425,2014-09-15,5
3426,2014-09-16,5
3427,2014-09-17,4
3428,2014-09-18,5
3429,2014-09-19,5
3430,2014-09-22,5
3431,2014-09-23,5
3432,2014-09-24,5
3433,2014-09-25,5
3434,2014-09-26,5
3435,2014-09-29,5
3436,2014-09-30,5
3437,2014-10-01,5
3438,2014-10-02,5
3439,2014-10-03,5
3440,2014-10-06,4
3441,2014-10-07,5
3442,2014-10-08,5
3443,2014-10-09,5
3444,2014-10-10,4
3445,2014-10-13,5
3446,2014-10-14,5
3447,2014-10-15,5
3448,2014-10-16,4
3449,2014-10-17,5
3450,2014-10-20,5
3451,2014-10-21,5
3452,2014-10-22,5
3453,2014-10-23,4
3454,2014-10-24,4
3455,2014-10-27,3
3456,2014-10-28,5
3457,2014-10-29,4
3458,2014-10-30,5
3459,2014-10-31,5
3460,2014-11-03,4
3461,2014-11-04,4
3462,2014-11-05,5
3463,2014-11-06,5
3464,2014-11-07,5
3465,2014-11-10,5
3466,2014-11-11,5
3467,2014-11-12,5
3468,2014-11-13,5
3469,2014-11-14,5
3470,2014-11-17,5
3471,2014-11-18,5
3472,2014-11-19,5
3473,2014-11-20,5
3474,2014-11-21,5
3475,2014-11-24,5
3476,2014-11-25,5
3477,2014-11-26,5
3478,2014-11-28,5
3479,2014-12-01,5
3480,2014-12-02,5
3481,2014-12-03,5
3482,2014-12-04,4
3483,2014-12-05,5
3484,2014-12-08,5
3485,2014-12-09,5
3486,2014-12-10,5
3487,2014-12-11,5
3488,2014-12-12,5
3489,2014-12-15,5
3490,2014-12-16,4
3491,2014-12-17,5
3492,2014-12-18,5
3493,2014-12-19,4
3494,2014-12-22,5
3495,2014-12-23,5
3496,2014-12-24,5
3497,2014-12-26,5
3498,2014-12-29,5
3499,2014-12-30,5
3500,2014-12-31,5
3501,2015-01-02,4
3502,2015-01-05,5
3503,2015-01-06,5
3504,2015-01-07,5
3505,2015-01-08,5
3506,2015-01-09,4
3507,2015-01-12,5
3508,2015-01-13,5
3509,2015-01-14,5
3510,2015-01-15,5
3511,2015-01-16,5
3512,2015-01-20,5
3513,2015-01-21,5
3514,2015-01-22,5
3515,2015-01-23,5
3516,2015-01-26,5
3517,2015-01-27,5
3518,2015-01-28,5
3519,2015-01-29,5
3520,2015-01-30,5
3521,2015-02-02,5
3522,2015-02-03,3
3523,2015-02-04,4
3524,2015-02-05,5
3525,2015-02-06,5
3526,2015-02-09,5
3527,2015-02-10,5
3528,2015-02-11,5
3529,2015-02-12,5
3530,2015-02-13,4
3531,2015-02-17,5
3532,2015-02-18,5
3533,2015-02-19,4
3534,2015-02-20,5
3535,2015-02-23,5
3536,2015-02-24,5
3537,2015-02-25,5
3538,2015-02-26,5
3539,2015-02-27,5
3540,2015-03-02,5
3541,2015-03-03,5
3542,2015-03-04,5
3543,2015-03-05,5
3544,2015-03-06,5
3545,2015-03-09,5
3546,2015-03-10,5
3547,2015-03-11,5
3548,2015-03-12,5
3549,2015-03-13,5
3550,2015-03-16,5
3551,2015-03-17,5
3552,2015-03-18,5
3553,2015-03-19,5
3554,2015-03-20,5
3555,2015-03-23,5
3556,2015-03-24,5
3557,2015-03-25,5
3558,2015-03-26,5
3559,2015-03-27,5
3560,2015-03-30,5
3561,2015-03-31,5
3562,2015-04-01,5
3563,2015-04-02,5
3564,2015-04-06,5
3565,2015-04-07,5
3566,2015-04-08,4
3567,2015-04-09,5
3568,2015-04-10,5
3569,2015-04-13,4
3570,2015-04-14,5
3571,2015-04-15,5
3572,2015-04-16,5
3573,2015-04-17,5
3574,2015-04-20,4
3575,2015-04-21,5
3576,2015-04-22,5
3577,2015-04-23,5
3578,2015-04-24,5
3579,2015-04-27,4
3580,2015-04-28,5
3581,2015-04-29,5
3582,2015-04-30,5
3583,2015-05-01,5
3584,2015-05-04,5
3585,2015-05-05,5
3586,2015-05-06,5
3587,2015-05-07,5
3588,2015-05-08,5
3589,2015-05-11,5
3590,2015-05-12,5
3591,2015-05-13,5
3592,2015-05-14,5
3593,2015-05-15,5
3594,2015-05-18,5
3595,2015-05-19,5
3596,2015-05-20,5
3597,2015-05-21,4
3598,2015-05-22,5
3599,2015-05-26,5
3600,2015-05-27,5
3601,2015-05-28,4
3602,2015-05-29,5
3603,2015-06-01,3
3604,2015-06-02,5
3605,2015-06-03,5
3606,2015-06-04,5
3607,2015-06-05,5
3608,2015-06-08,5
3609,2015-06-09,5
3610,2015-06-10,5
3611,2015-06-11,5
3612,2015-06-12,5
3613,2015-06-15,4
3614,2015-06-16,5
3615,2015-06-17,4
3616,2015-06-18,5
3617,2015-06-19,5
3618,2015-06-22,4
3619,2015-06-23,5
3620,2015-06-24,5
3621,2015-06-25,5
3622,2015-06-26,5
3623,2015-06-29,5
3624,2015-06-30,5
3625,2015-07-01,5
3626,2015-07-02,3
3627,2015-07-06,5
3628,2015-07-07,5
3629,2015-07-08,5
3630,2015-07-09,5
3631,2015-07-10,5
3632,2015-07-13,5
3633,2015-07-14,5
3634,2015-07-15,5
3635,2015-07-16,5
3636,2015-07-17,5
3637,2015-07-20,5
3638,2015-07-21,5
3639,2015-07-22,5
3640,2015-07-23,4
3641,2015-07-24,5
3642,2015-07-27,5
3643,2015-07-28,4
3644,2015-07-29,5
3645,2015-07-30,5
3646,2015-07-31,5
3647,2015-08-03,5
3648,2015-08-04,4
3649,2015-08-05,5
3650,2015-08-06,5
3651,2015-08-07,5
3652,2015-08-10,4
3653,2015-08-11,5
3654,2015-08-12,5
3655,2015-08-13,5
3656,2015-08-14,5
3657,2015-08-17,5
3658,2015-08-18,5
3659,2015-08-19,5
3660,2015-08-20,5
3661,2015-08-21,5
3662,2015-08-24,5
3663,2015-08-25,5
3664,2015-08-26,5
3665,2015-08-27,5
3666,2015-08-28,5
3667,2015-08-31,5
3668,2015-09-01,5
3669,2015-09-02,5
3670,2015-09-03,5
3671,2015-09-04,5
3672,2015-09-08,5
3673,2015-09-09,5
3674,2015-09-10,5
3675,2015-09-11,5
3676,2015-09-14,5
3677,2015-09-15,5
3678,2015-09-16,5
3679,2015-09-17,5
3680,2015-09-18,5
3681,2015-09-21,5
3682,2015-09-22,4
3683,2015-09-23,5
3684,2015-09-24,5
3685,2015-09-25,5
3686,2015-09-28,5
3687,2015-09-29,5
3688,2015-09-30,5
3689,2015-10-01,5
3690,2015-10-02,5
3691,2015-10-05,5
3692,2015-10-06,4
3693,2015-10-07,4
3694,2015-10-08,5
3695,2015-10-09,4
3696,2015-10-12,5
3697,2015-10-13,5
3698,2015-10-14,5
3699,2015-10-15,5
3700,2015-10-16,4
3701,2015-10-19,5
3702,2015-10-20,5
3703,2015-10-21,5
3704,2015-10-22,5
3705,2015-10-23,5
3706,2015-10-26,5
3707,2015-10-27,5
3708,2015-10-28,5
3709,2015-10-29,5
3710,2015-10-30,5
3711,2015-11-02,3
3712,2015-11-03,5
3713,2015-11-04,5
3714,2015-11-05,5
3715,2015-11-06,5
3716,2015-11-09,5
3717,2015-11-10,5
3718,2015-11-11,5
3719,2015-11-12,5
3720,2015-11-13,5
3721,2015-11-16,5
3722,2015-11-17,5
3723,2015-11-18,5
3724,2015-11-19,5
3725,2015-11-20,5
3726,2015-11-23,4
3727,2015-11-24,5
3728,2015-11-25,5
3729,2015-11-27,5
3730,2015-11-30,5
3731,2015-12-01,5
3732,2015-12-02,5
3733,2015-12-03,5
3734,2015-12-04,5
3735,2015-12-07,5
3736,2015-12-08,5
3737,2015-12-09,5
3738,2015-12-10,5
3739,2015-12-11,5
3740,2015-12-14,5
3741,2015-12-15,5
3742,2015-12-16,5
3743,2015-12-17,5
3744,2015-12-18,5
3745,2015-12-21,5
3746,2015-12-22,5
3747,2015-12-23,4
3748,2015-12-24,5
3749,2015-12-28,5
3750,2015-12-29,5
3751,2015-12-30,5
3752,2015-12-31,5
3753,2016-01-04,5
3754,2016-01-05,4
3755,2016-01-06,4
3756,2016-01-07,5
3757,2016-01-08,5
3758,2016-01-11,5
3759,2016-01-12,5
3760,2016-01-13,5
3761,2016-01-14,4
3762,2016-01-15,4
3763,2016-01-19,5
3764,2016-01-20,5
3765,2016-01-21,5
3766,2016-01-22,5
3767,2016-01-25,5
3768,2016-01-26,5
3769,2016-01-27,4
3770,2016-01-28,5
3771,2016-01-29,5
3772,2016-02-01,5
3773,2016-02-02,5
3774,2016-02-03,5
3775,2016-02-04,5
3776,2016-02-05,5
3777,2016-02-08,5
3778,2016-02-09,5
3779,2016-02-10,5
3780,2016-02-11,5
3781,2016-02-12,5
3782,2016-02-16,5
3783,2016-02-17,5
3784,2016-02-18,5
3785,2016-02-19,5
3786,2016-02-22,4
3787,2016-02-23,5
3788,2016-02-24,5
3789,2016-02-25,5
3790,2016-02-26,5
3791,2016-02-29,5
3792,2016-03-01,5
3793,2016-03-02,4
3794,2016-03-03,5
3795,2016-03-04,5
3796,2016-03-07,5
3797,2016-03-08,5
3798,2016-03-09,5
3799,2016-03-10,5
3800,2016-03-11,5
3801,2016-03-14,5
3802,2016-03-15,5
3803,2016-03-16,5
3804,2016-03-17,5
3805,2016-03-18,5
3806,2016-03-21,4
3807,2016-03-22,4
3808,2016-03-23,5
3809,2016-03-24,5
3810,2016-03-28,5
3811,2016-03-29,5
3812,2016-03-30,5
3813,2016-03-31,5
3814,2016-04-01,5
3815,2016-04-04,5
3816,2016-04-05,5
3817,2016-04-06,5
3818,2016-04-07,4
3819,2016-04-08,5
3820,2016-04-11,5
3821,2016-04-12,5
3822,2016-04-13,5
3823,2016-04-14,5
3824,2016-04-15,5
3825,2016-04-18,5
3826,2016-04-19,5
3827,2016-04-20,5
3828,2016-04-21,5
3829,2016-04-22,4
3830,2016-04-25,5
3831,2016-04-26,5
3832,2016-04-27,5
3833,2016-04-28,4
3834,2016-04-29,5
3835,2016-05-02,5
3836,2016-05-03,5
3837,2016-05-04,5
3838,2016-05-05,5
3839,2016-05-06,5
3840,2016-05-09,4
3841,2016-05-10,5
3842,2016-05-11,5
3843,2016-05-12,5
3844,2016-05-13,5
3845,2016-05-16,5
3846,2016-05-17,5
3847,2016-05-18,5
3848,2016-05-19,5
3849,2016-05-20,5
3850,2016-05-23,4
3851,2016-05-24,5
3852,2016-05-25,5
3853,2016-05-26,5
3854,2016-05-27,5
3855,2016-05-31,5
3856,2016-06-01,5
3857,2016-06-02,5
3858,2016-06-03,5
3859,2016-06-06,5
3860,2016-06-07,5
3861,2016-06-08,5
3862,2016-06-09,5
3863,2016-06-10,5
3864,2016-06-13,5
3865,2016-06-14,5
3866,2016-06-15,5
3867,2016-06-16,5
3868,2016-06-17,4
3869,2016-06-20,5
3870,2016-06-21,5
3871,2016-06-22,5
3872,2016-06-23,5
3873,2016-06-24,5
3874,2016-06-27,5
3875,2016-06-28,5
3876,2016-06-29,5
3877,2016-06-30,5
3878,2016-07-01,4
3879,2016-07-05,5
3880,2016-07-06,5
3881,2016-07-07,5
3882,2016-07-08,5
3883,2016-07-11,5
3884,2016-07-12,5
3885,2016-07-13,5
3886,2016-07-14,5
3887,2016-07-15,5
3888,2016-07-18,5
3889,2016-07-19,5
3890,2016-07-20,5
3891,2016-07-21,5
3892,2016-07-22,5
3893,2016-07-25,5
3894,2016-07-26,5
3895,2016-07-27,5
3896,2016-07-28,5
3897,2016-07-29,4
3898,2016-08-01,4
3899,2016-08-02,5
3900,2016-08-03,5
3901,2016-08-04,5
3902,2016-08-05,5
3903,2016-08-08,5
3904,2016-08-09,5
3905,2016-08-10,4
3906,2016-08-11,5
3907,2016-08-12,5
3908,2016-08-15,5
3909,2016-08-16,5
3910,2016-08-17,5
3911,2016-08-18,5
3912,2016-08-19,5
3913,2016-08-22,5
3914,2016-08-23,5
3915,2016-08-24,4
3916,2016-08-25,5
3917,2016-08-26,5
3918,2016-08-29,5
3919,2016-08-30,5
3920,2016-08-31,4
3921,2016-09-01,5
3922,2016-09-02,3
3923,2016-09-06,5
3924,2016-09-07,5
3925,2016-09-08,4
3926,2016-09-09,5
3927,2016-09-12,5
3928,2016-09-13,5
3929,2016-09-14,5
3930,2016-09-15,5
3931,2016-09-16,5
3932,2016-09-19,4
3933,2016-09-20,5
3934,2016-09-21,5
3935,2016-09-22,5
3936,2016-09-23,5
3937,2016-09-26,5
3938,2016-09-27,5
3939,2016-09-28,5
3940,2016-09-29,5
3941,2016-09-30,4
3942,2016-10-03,5
3943,2016-10-04,4
3944,2016-10-05,5
3945,2016-10-06,5
3946,2016-10-07,5
3947,2016-10-10,5
3948,2016-10-11,5
3949,2016-10-12,4
3950,2016-10-13,5
3951,2016-10-14,4
3952,2016-10-17,5
3953,2016-10-18,5
3954,2016-10-19,5
3955,2016-10-20,4
3956,2016-10-21,5
3957,2016-10-24,5
3958,2016-10-25,5
3959,2016-10-26,5
3960,2016-10-27,5
3961,2016-10-28,4
3962,2016-10-31,5
3963,2016-11-01,5
3964,2016-11-02,5
3965,2016-11-03,5
3966,2016-11-04,5
3967,2016-11-07,5
3968,2016-11-08,5
3969,2016-11-09,5
3970,2016-11-10,5
3971,2016-11-11,5
3972,2016-11-14,5
3973,2016-11-15,5
3974,2016-11-16,5
3975,2016-11-17,5
3976,2016-11-18,5
3977,2016-11-21,5
3978,2016-11-22,5
3979,2016-11-23,4
3980,2016-11-25,5
3981,2016-11-28,5
3982,2016-11-29,5
3983,2016-11-30,5
3984,2016-12-01,5
3985,2016-12-02,5
3986,2016-12-05,5
3987,2016-12-06,5
3988,2016-12-07,5
3989,2016-12-08,5
3990,2016-12-09,5
3991,2016-12-12,5
3992,2016-12-13,5
3993,2016-12-14,5
3994,2016-12-15,5
3995,2016-12-16,5
3996,2016-12-19,4
3997,2016-12-20,4
3998,2016-12-21,5
3999,2016-12-22,5
4000,2016-12-23,5
4001,2016-12-27,5
4002,2016-12-28,5
4003,2016-12-29,5
4004,2016-12-30,4
4005,2017-01-03,5
4006,2017-01-04,5
4007,2017-01-05,5
4008,2017-01-06,5
4009,2017-01-09,5
4010,2017-01-10,4
4011,2017-01-11,4
4012,2017-01-12,4
4013,2017-01-13,5
4014,2017-01-17,5
4015,2017-01-18,5
4016,2017-01-19,5
4017,2017-01-20,5
4018,2017-01-23,5
4019,2017-01-24,5
4020,2017-01-25,5
4021,2017-01-26,5
4022,2017-01-27,5
4023,2017-01-30,5
4024,2017-01-31,5
4025,2017-02-01,5
4026,2017-02-02,5
4027,2017-02-03,5
4028,2017-02-06,5
4029,2017-02-07,5
4030,2017-02-08,5
4031,2017-02-09,5
4032,2017-02-10,5
4033,2017-02-13,5
4034,2017-02-14,5
4035,2017-02-15,5
4036,2017-02-16,4
4037,2017-02-17,5
4038,2017-02-21,4
4039,2017-02-22,5
4040,2017-02-23,5
4041,2017-02-24,4
4042,2017-02-27,5
4043,2017-02-28,5
4044,2017-03-01,5
4045,2017-03-02,5
4046,2017-03-03,5
4047,2017-03-06,5
4048,2017-03-07,5
4049,2017-03-08,5
4050,2017-03-09,5
4051,2017-03-10,5
4052,2017-03-13,5
4053,2017-03-14,5
4054,2017-03-15,5
4055,2017-03-16,4
4056,2017-03-17,5
4057,2017-03-20,5
4058,2017-03-21,5
4059,2017-03-22,5
4060,2017-03-23,4
4061,2017-03-24,5
4062,2017-03-27,5
4063,2017-03-28,5
4064,2017-03-29,5
4065,2017-03-30,4
4066,2017-03-31,5
4067,2017-04-03,4
4068,2017-04-04,5
4069,2017-04-05,5
4070,2017-04-06,5
4071,2017-04-07,5
4072,2017-04-10,5
4073,2017-04-11,5
4074,2017-04-12,5
4075,2017-04-13,4
4076,2017-04-17,5
4077,2017-04-18,5
4078,2017-04-19,5
4079,2017-04-20,5
4080,2017-04-21,5
4081,2017-04-24,5
4082,2017-04-25,5
4083,2017-04-26,5
4084,2017-04-27,5
4085,2017-04-28,5
4086,2017-05-01,5
4087,2017-05-02,5
4088,2017-05-03,5
4089,2017-05-04,5
4090,2017-05-05,5
4091,2017-05-08,5
4092,2017-05-09,5
4093,2017-05-10,5
4094,2017-05-11,5
4095,2017-05-12,4
4096,2017-05-15,5
4097,2017-05-16,4
4098,2017-05-17,5
4099,2017-05-18,5
4100,2017-05-19,5
4101,2017-05-22,5
4102,2017-05-23,5
4103,2017-05-24,5
4104,2017-05-25,4
4105,2017-05-26,5
4106,2017-05-30,5
4107,2017-05-31,5
4108,2017-06-01,4
4109,2017-06-02,5
4110,2017-06-05,5
4111,2017-06-06,5
4112,2017-06-07,5
4113,2017-06-08,5
4114,2017-06-09,5
4115,2017-06-12,3
4116,2017-06-13,5
4117,2017-06-14,5
4118,2017-06-15,5
4119,2017-06-16,5
4120,2017-06-19,5
4121,2017-06-20,5
4122,2017-06-21,5
4123,2017-06-22,5
4124,2017-06-23,5
4125,2017-06-26,5
4126,2017-06-27,5
4127,2017-06-28,5
4128,2017-06-29,5
4129,2017-06-30,5
4130,2017-07-03,5
4131,2017-07-05,5
4132,2017-07-06,4
4133,2017-07-07,5
4134,2017-07-10,5
4135,2017-07-11,5
4136,2017-07-12,5
4137,2017-07-13,5
4138,2017-07-14,5
4139,2017-07-17,5
4140,2017-07-18,5
4141,2017-07-19,5
4142,2017-07-20,5
4143,2017-07-21,5
4144,2017-07-24,5
4145,2017-07-25,5
4146,2017-07-26,5
4147,2017-07-27,4
4148,2017-07-28,5
4149,2017-07-31,5
4150,2017-08-01,5
4151,2017-08-02,4
4152,2017-08-03,5
4153,2017-08-04,4
4154,2017-08-07,5
4155,2017-08-08,5
4156,2017-08-09,4
4157,2017-08-10,5
4158,2017-08-11,5
4159,2017-08-14,5
4160,2017-08-15,5
4161,2017-08-16,5
4162,2017-08-17,5
4163,2017-08-18,4
4164,2017-08-21,5
4165,2017-08-22,5
4166,2017-08-23,4
4167,2017-08-24,5
4168,2017-08-25,5
4169,2017-08-28,5
4170,2017-08-29,5
4171,2017-08-30,5
4172,2017-08-31,5
4173,2017-09-01,5
4174,2017-09-05,5
4175,2017-09-06,5
4176,2017-09-07,5
4177,2017-09-08,5
4178,2017-09-11,5
4179,2017-09-12,5
4180,2017-09-13,5
4181,2017-09-14,5
4182,2017-09-15,5
4183,2017-09-18,4
4184,2017-09-19,4
4185,2017-09-20,5
4186,2017-09-21,4
4187,2017-09-22,3
4188,2017-09-25,5
4189,2017-09-26,5
4190,2017-09-27,5
4191,2017-09-28,4
4192,2017-09-29,4
4193,2017-10-02,5
4194,2017-10-03,5
4195,2017-10-04,5
4196,2017-10-05,5
4197,2017-10-06,5
4198,2017-10-09,5
4199,2017-10-10,5
4200,2017-10-11,4
4201,2017-10-12,5
4202,2017-10-13,5
4203,2017-10-16,5
4204,2017-10-17,5
4205,2017-10-18,5
4206,2017-10-19,4
4207,2017-10-20,5
4208,2017-10-23,5
4209,2017-10-24,5
4210,2017-10-25,5
4211,2017-10-26,5
4212,2017-10-27,5
4213,2017-10-30,5
4214,2017-10-31,5
4215,2017-11-01,5
4216,2017-11-02,5
4217,2017-11-03,5
4218,2017-11-06,5
4219,2017-11-07,5
4220,2017-11-08,4
4221,2017-11-09,5
4222,2017-11-10,5
4223,2017-11-13,5
4224,2017-11-14,5
4225,2017-11-15,5
4226,2017-11-16,4
4227,2017-11-17,5
4228,2017-11-20,5
4229,2017-11-21,5
4230,2017-11-22,5
4231,2017-11-24,5
4232,2017-11-27,5
4233,2017-11-28,4
4234,2017-11-29,4
4235,2017-11-30,4
4236,2017-12-01,5
4237,2017-12-04,4
4238,2017-12-05,4
4239,2017-12-06,4
4240,2017-12-07,4
4241,2017-12-08,4
4242,2017-12-11,4
4243,2017-12-12,2
4244,2017-12-13,5
4245,2017-12-14,5
4246,2017-12-15,5
4247,2017-12-18,4
4248,2017-12-19,5
4249,2017-12-20,5
4250,2017-12-21,5
4251,2017-12-22,5
4252,2017-12-26,5
4253,2017-12-27,5
4254,2017-12-28,5
4255,2017-12-29,5
4256,2018-01-02,5
