asset,block_start_row,model,QLIKE_rel
BTCUSDT,1826,HAR,1.0
BTCUSDT,1826,HARX,0.801558707630523
BTCUSDT,1826,RF,0.8201389810141071
BTCUSDT,1826,NN,0.7579570010907671
BTCUSDT,1826,LSTM,0.7726512407685244
BTCUSDT,1826,logHAR,0.8803294397158415
BTCUSDT,1826,EqualWeight,0.7642996376032923
BTCUSDT,1826,QLIKEComb,0.7815297867000457
BTCUSDT,1826,BestPrior,0.801558707630523
BTCUSDT,1826,logHAR_pooled,0.8570607912618233
BTCUSDT,1826,RF_pooled,0.8505653471107283
BTCUSDT,1826,NN_pooled,0.7616130228029194
BTCUSDT,1826,Median,0.7592713342063655
BTCUSDT,1826,Trimmed,0.765584853996979
BTCUSDT,1826,EW_wo_HAR,0.7706355171708876
BTCUSDT,1826,EW_wo_HARX,0.7673610322762909
BTCUSDT,1826,EW_wo_RF,0.769017385167438
BTCUSDT,1826,EW_wo_NN,0.7759988758774352
BTCUSDT,1826,EW_wo_LSTM,0.7732686668228711
BTCUSDT,2078,HAR,1.0
BTCUSDT,2078,HARX,0.7535064986718503
BTCUSDT,2078,RF,0.7789539095061139
BTCUSDT,2078,NN,0.7587729703714118
BTCUSDT,2078,LSTM,0.8134776782774834
BTCUSDT,2078,logHAR,0.8112923807178641
BTCUSDT,2078,EqualWeight,0.7716434707911393
BTCUSDT,2078,QLIKEComb,0.7629059842214831
BTCUSDT,2078,BestPrior,0.7535064986718503
BTCUSDT,2078,logHAR_pooled,0.8118906561349175
BTCUSDT,2078,RF_pooled,0.8182565329099226
BTCUSDT,2078,NN_pooled,0.7795910276130164
BTCUSDT,2078,Median,0.7544318743548183
BTCUSDT,2078,Trimmed,0.7606516311160718
BTCUSDT,2078,EW_wo_HAR,0.7611606222117525
BTCUSDT,2078,EW_wo_HARX,0.7840174782305633
BTCUSDT,2078,EW_wo_RF,0.7810951159228305
BTCUSDT,2078,EW_wo_NN,0.7819803813164056
BTCUSDT,2078,EW_wo_LSTM,0.7736001622779731
BTCUSDT,2330,HAR,1.0
BTCUSDT,2330,HARX,0.6738557633869644
BTCUSDT,2330,RF,0.6522880886288968
BTCUSDT,2330,NN,0.6623054437098589
BTCUSDT,2330,LSTM,0.6347894375120207
BTCUSDT,2330,logHAR,0.6857328923294834
BTCUSDT,2330,EqualWeight,0.675090291040934
BTCUSDT,2330,QLIKEComb,0.6855136327631516
BTCUSDT,2330,BestPrior,0.6738557633869644
BTCUSDT,2330,logHAR_pooled,0.6970993115023862
BTCUSDT,2330,RF_pooled,0.7076016716380118
BTCUSDT,2330,NN_pooled,0.6855882848702604
BTCUSDT,2330,Median,0.6387376507341047
BTCUSDT,2330,Trimmed,0.6473784235556053
BTCUSDT,2330,EW_wo_HAR,0.6418960710404326
BTCUSDT,2330,EW_wo_HARX,0.6859730577824905
BTCUSDT,2330,EW_wo_RF,0.6919596508728612
BTCUSDT,2330,EW_wo_NN,0.6891829360018725
BTCUSDT,2330,EW_wo_LSTM,0.6954127244621257
BTCUSDT,2582,HAR,1.0
BTCUSDT,2582,HARX,0.5998842416926768
BTCUSDT,2582,RF,0.5779301623112058
BTCUSDT,2582,NN,0.5861834228589677
BTCUSDT,2582,LSTM,0.5795910588056793
BTCUSDT,2582,logHAR,0.651199842424382
BTCUSDT,2582,EqualWeight,0.6095643520120306
BTCUSDT,2582,QLIKEComb,0.5897582478416005
BTCUSDT,2582,BestPrior,0.5894657381753466
BTCUSDT,2582,logHAR_pooled,0.6496812552967687
BTCUSDT,2582,RF_pooled,0.6021233029790319
BTCUSDT,2582,NN_pooled,0.5922206813916459
BTCUSDT,2582,Median,0.5669333929492643
BTCUSDT,2582,Trimmed,0.576545598404145
BTCUSDT,2582,EW_wo_HAR,0.5686293873093058
BTCUSDT,2582,EW_wo_HARX,0.6244546435456846
BTCUSDT,2582,EW_wo_RF,0.6322171790222886
BTCUSDT,2582,EW_wo_NN,0.6264116712453145
BTCUSDT,2582,EW_wo_LSTM,0.6312637584653795
ETHUSDT,1826,HAR,1.0
ETHUSDT,1826,HARX,0.835406597840301
ETHUSDT,1826,RF,0.9115706630270458
ETHUSDT,1826,NN,0.737203192686852
ETHUSDT,1826,LSTM,0.8160787070058952
ETHUSDT,1826,logHAR,0.8802561498688551
ETHUSDT,1826,EqualWeight,0.7543840532202973
ETHUSDT,1826,QLIKEComb,0.8238204342515186
ETHUSDT,1826,BestPrior,0.8160787070058952
ETHUSDT,1826,logHAR_pooled,0.815583242098149
ETHUSDT,1826,RF_pooled,0.8295757389128244
ETHUSDT,1826,NN_pooled,0.7334705681391237
ETHUSDT,1826,Median,0.7740699961621221
ETHUSDT,1826,Trimmed,0.7832724072057494
ETHUSDT,1826,EW_wo_HAR,0.8028455638905146
ETHUSDT,1826,EW_wo_HARX,0.7519798318996558
ETHUSDT,1826,EW_wo_RF,0.7492430210155077
ETHUSDT,1826,EW_wo_NN,0.7676831840399888
ETHUSDT,1826,EW_wo_LSTM,0.7582998242690583
ETHUSDT,2078,HAR,1.0
ETHUSDT,2078,HARX,0.8615872048505007
ETHUSDT,2078,RF,0.8215738149800997
ETHUSDT,2078,NN,0.8095994459818335
ETHUSDT,2078,LSTM,0.8135997061440299
ETHUSDT,2078,logHAR,0.9272956264206662
ETHUSDT,2078,EqualWeight,0.805236521178687
ETHUSDT,2078,QLIKEComb,0.8094067644583308
ETHUSDT,2078,BestPrior,0.8135997061440299
ETHUSDT,2078,logHAR_pooled,0.8997937499052784
ETHUSDT,2078,RF_pooled,0.8487986548129252
ETHUSDT,2078,NN_pooled,0.8242818135337249
ETHUSDT,2078,Median,0.8137607178019683
ETHUSDT,2078,Trimmed,0.8186451233122307
ETHUSDT,2078,EW_wo_HAR,0.8149898515140914
ETHUSDT,2078,EW_wo_HARX,0.8026147019855079
ETHUSDT,2078,EW_wo_RF,0.8101570311096892
ETHUSDT,2078,EW_wo_NN,0.8112612595369876
ETHUSDT,2078,EW_wo_LSTM,0.8127415359335637
ETHUSDT,2330,HAR,1.0
ETHUSDT,2330,HARX,0.8212663893005309
ETHUSDT,2330,RF,0.8555819748709192
ETHUSDT,2330,NN,0.8590616633776104
ETHUSDT,2330,LSTM,0.8318039443277576
ETHUSDT,2330,logHAR,0.8810741289746156
ETHUSDT,2330,EqualWeight,0.8397612785619283
ETHUSDT,2330,QLIKEComb,0.8400422492534683
ETHUSDT,2330,BestPrior,0.8318039443277576
ETHUSDT,2330,logHAR_pooled,0.8868551474860749
ETHUSDT,2330,RF_pooled,0.8572971928122813
ETHUSDT,2330,NN_pooled,0.870560233162177
ETHUSDT,2330,Median,0.831348259190486
ETHUSDT,2330,Trimmed,0.828501352076038
ETHUSDT,2330,EW_wo_HAR,0.8329705270045773
ETHUSDT,2330,EW_wo_HARX,0.8489277562279348
ETHUSDT,2330,EW_wo_RF,0.8443933685601305
ETHUSDT,2330,EW_wo_NN,0.8409821962029773
ETHUSDT,2330,EW_wo_LSTM,0.8472618368968894
ETHUSDT,2582,HAR,1.0
ETHUSDT,2582,HARX,0.7421022433054322
ETHUSDT,2582,RF,0.8122189106867342
ETHUSDT,2582,NN,0.7724215092143218
ETHUSDT,2582,LSTM,0.7649892335143506
ETHUSDT,2582,logHAR,0.7606647498393636
ETHUSDT,2582,EqualWeight,0.7284298574688974
ETHUSDT,2582,QLIKEComb,0.7596788415292085
ETHUSDT,2582,BestPrior,0.7649892335143506
ETHUSDT,2582,logHAR_pooled,0.7586916221146408
ETHUSDT,2582,RF_pooled,0.7653481295423432
ETHUSDT,2582,NN_pooled,0.7350093616678982
ETHUSDT,2582,Median,0.7517240975840632
ETHUSDT,2582,Trimmed,0.7448356285773373
ETHUSDT,2582,EW_wo_HAR,0.7547959361841714
ETHUSDT,2582,EW_wo_HARX,0.736041309613978
ETHUSDT,2582,EW_wo_RF,0.7375508784669701
ETHUSDT,2582,EW_wo_NN,0.7321821124266717
ETHUSDT,2582,EW_wo_LSTM,0.7341333793969016
BNBUSDT,1826,HAR,1.0
BNBUSDT,1826,HARX,0.7115150917571067
BNBUSDT,1826,RF,0.743433307763278
BNBUSDT,1826,NN,0.6718798232773817
BNBUSDT,1826,LSTM,0.6632290122419626
BNBUSDT,1826,logHAR,0.752012546273685
BNBUSDT,1826,EqualWeight,0.6928345768875915
BNBUSDT,1826,QLIKEComb,0.7102532386626008
BNBUSDT,1826,BestPrior,0.7115150917571067
BNBUSDT,1826,logHAR_pooled,0.7312458770467232
BNBUSDT,1826,RF_pooled,0.7101916214927598
BNBUSDT,1826,NN_pooled,0.676613174587434
BNBUSDT,1826,Median,0.6736262511275254
BNBUSDT,1826,Trimmed,0.6741500176183383
BNBUSDT,1826,EW_wo_HAR,0.6776010894391062
BNBUSDT,1826,EW_wo_HARX,0.7039663129510165
BNBUSDT,1826,EW_wo_RF,0.7047235628215122
BNBUSDT,1826,EW_wo_NN,0.704098719623621
BNBUSDT,1826,EW_wo_LSTM,0.7096867982556921
BNBUSDT,2078,HAR,1.0
BNBUSDT,2078,HARX,0.6221769625778863
BNBUSDT,2078,RF,0.6525523888312634
BNBUSDT,2078,NN,0.6215966839359686
BNBUSDT,2078,LSTM,0.6980838470156533
BNBUSDT,2078,logHAR,0.6492604235814358
BNBUSDT,2078,EqualWeight,0.669250597696657
BNBUSDT,2078,QLIKEComb,0.6215129597839383
BNBUSDT,2078,BestPrior,0.6221769625778863
BNBUSDT,2078,logHAR_pooled,0.6478101480076425
BNBUSDT,2078,RF_pooled,0.6271862806214572
BNBUSDT,2078,NN_pooled,0.6165215563407836
BNBUSDT,2078,Median,0.6373649993177717
BNBUSDT,2078,Trimmed,0.6310811568384531
BNBUSDT,2078,EW_wo_HAR,0.6357825945012192
BNBUSDT,2078,EW_wo_HARX,0.6913233998957107
BNBUSDT,2078,EW_wo_RF,0.6843907790013495
BNBUSDT,2078,EW_wo_NN,0.688027674941773
BNBUSDT,2078,EW_wo_LSTM,0.6753976103182217
BNBUSDT,2330,HAR,1.0
BNBUSDT,2330,HARX,1.1772834006660609
BNBUSDT,2330,RF,0.579120091545531
BNBUSDT,2330,NN,0.7582822715407984
BNBUSDT,2330,LSTM,0.559061682983552
BNBUSDT,2330,logHAR,0.6447794613068055
BNBUSDT,2330,EqualWeight,0.6441899288449867
BNBUSDT,2330,QLIKEComb,0.5939629664887235
BNBUSDT,2330,BestPrior,1.1745952305223875
BNBUSDT,2330,logHAR_pooled,0.6517249787357223
BNBUSDT,2330,RF_pooled,0.6868555209331783
BNBUSDT,2330,NN_pooled,0.6396688912734
BNBUSDT,2330,Median,0.5965423387458355
BNBUSDT,2330,Trimmed,0.5920877640436929
BNBUSDT,2330,EW_wo_HAR,0.5740698939186767
BNBUSDT,2330,EW_wo_HARX,0.662031996218249
BNBUSDT,2330,EW_wo_RF,0.6653278818038705
BNBUSDT,2330,EW_wo_NN,0.6609403210574256
BNBUSDT,2330,EW_wo_LSTM,0.6738094630957843
BNBUSDT,2582,HAR,1.0
BNBUSDT,2582,HARX,0.3787041735988563
BNBUSDT,2582,RF,0.3617748876257837
BNBUSDT,2582,NN,0.37532404091367966
BNBUSDT,2582,LSTM,0.40480996737371167
BNBUSDT,2582,logHAR,0.3965971538683633
BNBUSDT,2582,EqualWeight,0.4493453233630507
BNBUSDT,2582,QLIKEComb,0.3674954869284484
BNBUSDT,2582,BestPrior,0.3617748876257837
BNBUSDT,2582,logHAR_pooled,0.39743546763452225
BNBUSDT,2582,RF_pooled,0.3819437112126184
BNBUSDT,2582,NN_pooled,0.3788717352260561
BNBUSDT,2582,Median,0.36898811328306963
BNBUSDT,2582,Trimmed,0.3697185326436575
BNBUSDT,2582,EW_wo_HAR,0.3688102117095466
BNBUSDT,2582,EW_wo_HARX,0.481184640435305
BNBUSDT,2582,EW_wo_RF,0.48770752696279146
BNBUSDT,2582,EW_wo_NN,0.4781594990396984
BNBUSDT,2582,EW_wo_LSTM,0.47390537772774394
XRPUSDT,1826,HAR,1.0
XRPUSDT,1826,HARX,1.0249787642354704
XRPUSDT,1826,RF,0.9457474389131905
XRPUSDT,1826,NN,0.921016959756317
XRPUSDT,1826,LSTM,0.9069883093532317
XRPUSDT,1826,logHAR,1.1033056751267256
XRPUSDT,1826,EqualWeight,0.8975073880032142
XRPUSDT,1826,QLIKEComb,0.8927828315845961
XRPUSDT,1826,BestPrior,0.9069883093532317
XRPUSDT,1826,logHAR_pooled,1.102455326166092
XRPUSDT,1826,RF_pooled,1.1775583070382853
XRPUSDT,1826,NN_pooled,0.9975799147157622
XRPUSDT,1826,Median,0.8839071043309682
XRPUSDT,1826,Trimmed,0.9038978027097995
XRPUSDT,1826,EW_wo_HAR,0.9297401561479913
XRPUSDT,1826,EW_wo_HARX,0.8857507904878491
XRPUSDT,1826,EW_wo_RF,0.8993546201267246
XRPUSDT,1826,EW_wo_NN,0.9009903703443093
XRPUSDT,1826,EW_wo_LSTM,0.9012029593804132
XRPUSDT,2078,HAR,1.0
XRPUSDT,2078,HARX,0.7857186404743851
XRPUSDT,2078,RF,0.8070131265957531
XRPUSDT,2078,NN,0.7722271778799968
XRPUSDT,2078,LSTM,0.7742804371080317
XRPUSDT,2078,logHAR,0.852275011847711
XRPUSDT,2078,EqualWeight,0.7853525020695046
XRPUSDT,2078,QLIKEComb,0.8025772985328831
XRPUSDT,2078,BestPrior,0.7742804371080317
XRPUSDT,2078,logHAR_pooled,0.8467870780182132
XRPUSDT,2078,RF_pooled,0.8234601501072263
XRPUSDT,2078,NN_pooled,0.7847100762963647
XRPUSDT,2078,Median,0.7780006769647597
XRPUSDT,2078,Trimmed,0.7785013714233298
XRPUSDT,2078,EW_wo_HAR,0.7660722949902735
XRPUSDT,2078,EW_wo_HARX,0.7926624128376668
XRPUSDT,2078,EW_wo_RF,0.7920671695994812
XRPUSDT,2078,EW_wo_NN,0.7925587727187297
XRPUSDT,2078,EW_wo_LSTM,0.7983387670670177
XRPUSDT,2330,HAR,1.0
XRPUSDT,2330,HARX,1.0334354562774184
XRPUSDT,2330,RF,0.9875325915691103
XRPUSDT,2330,NN,0.9882003165032534
XRPUSDT,2330,LSTM,1.016766563538801
XRPUSDT,2330,logHAR,1.1453160070542598
XRPUSDT,2330,EqualWeight,0.9761968433773875
XRPUSDT,2330,QLIKEComb,0.9750183130835639
XRPUSDT,2330,BestPrior,1.016766563538801
XRPUSDT,2330,logHAR_pooled,1.1661866720393128
XRPUSDT,2330,RF_pooled,1.1064587540710127
XRPUSDT,2330,NN_pooled,1.074390944637656
XRPUSDT,2330,Median,1.004739745122655
XRPUSDT,2330,Trimmed,0.9996539534763568
XRPUSDT,2330,EW_wo_HAR,0.9972519669511671
XRPUSDT,2330,EW_wo_HARX,0.9673510072080722
XRPUSDT,2330,EW_wo_RF,0.9766004081390328
XRPUSDT,2330,EW_wo_NN,0.9788942878697817
XRPUSDT,2330,EW_wo_LSTM,0.9731575030004365
XRPUSDT,2582,HAR,1.0
XRPUSDT,2582,HARX,0.5332915243210774
XRPUSDT,2582,RF,0.5966804246753941
XRPUSDT,2582,NN,0.5507914516993343
XRPUSDT,2582,LSTM,0.5808551510602782
XRPUSDT,2582,logHAR,0.5836990452407956
XRPUSDT,2582,EqualWeight,0.6309004552403491
XRPUSDT,2582,QLIKEComb,0.6769793899888471
XRPUSDT,2582,BestPrior,0.5808551510602782
XRPUSDT,2582,logHAR_pooled,0.5764388388285726
XRPUSDT,2582,RF_pooled,0.4984900731974523
XRPUSDT,2582,NN_pooled,0.4977891951296137
XRPUSDT,2582,Median,0.577118829624205
XRPUSDT,2582,Trimmed,0.5821595245118735
XRPUSDT,2582,EW_wo_HAR,0.5541475909407909
XRPUSDT,2582,EW_wo_HARX,0.6632453391480131
XRPUSDT,2582,EW_wo_RF,0.6438688657766005
XRPUSDT,2582,EW_wo_NN,0.6558501666457387
XRPUSDT,2582,EW_wo_LSTM,0.6464673033313768
ADAUSDT,1826,HAR,1.0
ADAUSDT,1826,HARX,0.9327422714115567
ADAUSDT,1826,RF,1.1028450746904055
ADAUSDT,1826,NN,0.8528584911881011
ADAUSDT,1826,LSTM,0.8989084741928607
ADAUSDT,1826,logHAR,0.9709794342444931
ADAUSDT,1826,EqualWeight,0.8243993281865514
ADAUSDT,1826,QLIKEComb,1.1014302009614312
ADAUSDT,1826,BestPrior,1.0979248159193813
ADAUSDT,1826,logHAR_pooled,0.930133061196623
ADAUSDT,1826,RF_pooled,0.9268958950235078
ADAUSDT,1826,NN_pooled,0.8602448453633643
ADAUSDT,1826,Median,0.8759672156914801
ADAUSDT,1826,Trimmed,0.8766595291135685
ADAUSDT,1826,EW_wo_HAR,0.9102928637893888
ADAUSDT,1826,EW_wo_HARX,0.8189790372440513
ADAUSDT,1826,EW_wo_RF,0.8103152983963905
ADAUSDT,1826,EW_wo_NN,0.828828239960236
ADAUSDT,1826,EW_wo_LSTM,0.822369487974176
ADAUSDT,2078,HAR,1.0
ADAUSDT,2078,HARX,0.824970315850123
ADAUSDT,2078,RF,0.9595232844332298
ADAUSDT,2078,NN,0.8012024094596849
ADAUSDT,2078,LSTM,0.8010932273401239
ADAUSDT,2078,logHAR,0.8796738624620217
ADAUSDT,2078,EqualWeight,0.8208307038164289
ADAUSDT,2078,QLIKEComb,0.8404770841339574
ADAUSDT,2078,BestPrior,0.8012024094596849
ADAUSDT,2078,logHAR_pooled,0.8514887051691022
ADAUSDT,2078,RF_pooled,0.9039747674537142
ADAUSDT,2078,NN_pooled,0.7833586836748861
ADAUSDT,2078,Median,0.8291706791521039
ADAUSDT,2078,Trimmed,0.8224085932946992
ADAUSDT,2078,EW_wo_HAR,0.8231231002110049
ADAUSDT,2078,EW_wo_HARX,0.8331454840484651
ADAUSDT,2078,EW_wo_RF,0.8037640818557364
ADAUSDT,2078,EW_wo_NN,0.83156296319712
ADAUSDT,2078,EW_wo_LSTM,0.8356864329656111
ADAUSDT,2330,HAR,1.0
ADAUSDT,2330,HARX,1.4600740236678156
ADAUSDT,2330,RF,1.1563800962264283
ADAUSDT,2330,NN,1.3753711927066388
ADAUSDT,2330,LSTM,1.2444100289469064
ADAUSDT,2330,logHAR,1.2517538760656899
ADAUSDT,2330,EqualWeight,1.1710407329929797
ADAUSDT,2330,QLIKEComb,1.303797528914222
ADAUSDT,2330,BestPrior,1.3753650329135036
ADAUSDT,2330,logHAR_pooled,1.2786571500665154
ADAUSDT,2330,RF_pooled,1.4053027448183733
ADAUSDT,2330,NN_pooled,1.2315960563008153
ADAUSDT,2330,Median,1.2360128712959764
ADAUSDT,2330,Trimmed,1.212786551160201
ADAUSDT,2330,EW_wo_HAR,1.2442492311723758
ADAUSDT,2330,EW_wo_HARX,1.158322539678907
ADAUSDT,2330,EW_wo_RF,1.1756458415924755
ADAUSDT,2330,EW_wo_NN,1.1318194745224939
ADAUSDT,2330,EW_wo_LSTM,1.1570813152360793
ADAUSDT,2582,HAR,1.0
ADAUSDT,2582,HARX,0.3687450591704445
ADAUSDT,2582,RF,0.379644315704208
ADAUSDT,2582,NN,0.38595207767405476
ADAUSDT,2582,LSTM,0.3921945574091491
ADAUSDT,2582,logHAR,0.38412090369590357
ADAUSDT,2582,EqualWeight,0.4615763436264688
ADAUSDT,2582,QLIKEComb,0.45889930167436593
ADAUSDT,2582,BestPrior,0.379644315704208
ADAUSDT,2582,logHAR_pooled,0.38383261853213857
ADAUSDT,2582,RF_pooled,0.3570078138339327
ADAUSDT,2582,NN_pooled,0.3545983598067126
ADAUSDT,2582,Median,0.37754510788691953
ADAUSDT,2582,Trimmed,0.38202903972198804
ADAUSDT,2582,EW_wo_HAR,0.3729631281082471
ADAUSDT,2582,EW_wo_HARX,0.4945027254738252
ADAUSDT,2582,EW_wo_RF,0.4935155233907277
ADAUSDT,2582,EW_wo_NN,0.4855079360733212
ADAUSDT,2582,EW_wo_LSTM,0.49291016076643557
LTCUSDT,1826,HAR,1.0
LTCUSDT,1826,HARX,0.8130242182200049
LTCUSDT,1826,RF,0.832260592986793
LTCUSDT,1826,NN,0.7915238742469144
LTCUSDT,1826,LSTM,0.8092786748647129
LTCUSDT,1826,logHAR,0.8350709007079341
LTCUSDT,1826,EqualWeight,0.7847585664302761
LTCUSDT,1826,QLIKEComb,0.8141662951978478
LTCUSDT,1826,BestPrior,0.8130242182200049
LTCUSDT,1826,logHAR_pooled,0.8286952596887617
LTCUSDT,1826,RF_pooled,0.8008746484849484
LTCUSDT,1826,NN_pooled,0.7875961248899555
LTCUSDT,1826,Median,0.7948839959218917
LTCUSDT,1826,Trimmed,0.7871945525456719
LTCUSDT,1826,EW_wo_HAR,0.7974343622186212
LTCUSDT,1826,EW_wo_HARX,0.7928868642023608
LTCUSDT,1826,EW_wo_RF,0.7931814004886117
LTCUSDT,1826,EW_wo_NN,0.7892504887217963
LTCUSDT,1826,EW_wo_LSTM,0.7863153241123839
LTCUSDT,2078,HAR,1.0
LTCUSDT,2078,HARX,0.7890762544554576
LTCUSDT,2078,RF,0.8561447417123766
LTCUSDT,2078,NN,0.7972606519026384
LTCUSDT,2078,LSTM,0.7865528198762688
LTCUSDT,2078,logHAR,0.8243596143249484
LTCUSDT,2078,EqualWeight,0.7999336279592234
LTCUSDT,2078,QLIKEComb,0.7917262726828563
LTCUSDT,2078,BestPrior,0.7890762544554576
LTCUSDT,2078,logHAR_pooled,0.8144375420359821
LTCUSDT,2078,RF_pooled,0.8415401253454311
LTCUSDT,2078,NN_pooled,0.7717839985219577
LTCUSDT,2078,Median,0.7950429045377906
LTCUSDT,2078,Trimmed,0.7966312490723998
LTCUSDT,2078,EW_wo_HAR,0.7936272628945717
LTCUSDT,2078,EW_wo_HARX,0.8086441787217542
LTCUSDT,2078,EW_wo_RF,0.7994452524699984
LTCUSDT,2078,EW_wo_NN,0.8079565886002192
LTCUSDT,2078,EW_wo_LSTM,0.8090824046729457
LTCUSDT,2330,HAR,1.0
LTCUSDT,2330,HARX,1.268040830526798
LTCUSDT,2330,RF,0.7824606262608081
LTCUSDT,2330,NN,1.3404801253412917
LTCUSDT,2330,LSTM,0.7804746065927114
LTCUSDT,2330,logHAR,0.8558538017857287
LTCUSDT,2330,EqualWeight,0.8426591989219734
LTCUSDT,2330,QLIKEComb,0.8264830516499987
LTCUSDT,2330,BestPrior,1.2639362395090337
LTCUSDT,2330,logHAR_pooled,0.8580586641098134
LTCUSDT,2330,RF_pooled,0.8160277062690663
LTCUSDT,2330,NN_pooled,0.8725217510241792
LTCUSDT,2330,Median,0.8288315678532368
LTCUSDT,2330,Trimmed,0.8098852120297492
LTCUSDT,2330,EW_wo_HAR,0.8152564494898533
LTCUSDT,2330,EW_wo_HARX,0.8492608260215473
LTCUSDT,2330,EW_wo_RF,0.8616839261327253
LTCUSDT,2330,EW_wo_NN,0.8329808675993254
LTCUSDT,2330,EW_wo_LSTM,0.8630291718716625
LTCUSDT,2582,HAR,1.0
LTCUSDT,2582,HARX,0.30145550160287554
LTCUSDT,2582,RF,0.30584721967152406
LTCUSDT,2582,NN,0.38020032734886644
LTCUSDT,2582,LSTM,0.3597726296017402
LTCUSDT,2582,logHAR,0.3095466658396491
LTCUSDT,2582,EqualWeight,0.4552343073394907
LTCUSDT,2582,QLIKEComb,0.3200567536581998
LTCUSDT,2582,BestPrior,0.3597726296017402
LTCUSDT,2582,logHAR_pooled,0.30567120131573716
LTCUSDT,2582,RF_pooled,0.28262623359613454
LTCUSDT,2582,NN_pooled,0.2921234105634883
LTCUSDT,2582,Median,0.3509302701390091
LTCUSDT,2582,Trimmed,0.34825834498451363
LTCUSDT,2582,EW_wo_HAR,0.33046787746878525
LTCUSDT,2582,EW_wo_HARX,0.5014368694240061
LTCUSDT,2582,EW_wo_RF,0.49785292986265767
LTCUSDT,2582,EW_wo_NN,0.4761066401163986
LTCUSDT,2582,EW_wo_LSTM,0.4841835921899258
TRXUSDT,1826,HAR,1.0
TRXUSDT,1826,HARX,0.32095939061783874
TRXUSDT,1826,RF,0.36304125998441095
TRXUSDT,1826,NN,0.3124817736084011
TRXUSDT,1826,LSTM,0.32644457870458177
TRXUSDT,1826,logHAR,0.34088117426554804
TRXUSDT,1826,EqualWeight,0.40730225966966727
TRXUSDT,1826,QLIKEComb,0.3146617963069087
TRXUSDT,1826,BestPrior,0.32095939061783874
TRXUSDT,1826,logHAR_pooled,0.3241597789793658
TRXUSDT,1826,RF_pooled,0.3087925495768332
TRXUSDT,1826,NN_pooled,0.31556014134113564
TRXUSDT,1826,Median,0.3073176425880421
TRXUSDT,1826,Trimmed,0.30675006450749176
TRXUSDT,1826,EW_wo_HAR,0.3057905044112939
TRXUSDT,1826,EW_wo_HARX,0.45473238635145785
TRXUSDT,1826,EW_wo_RF,0.4581687507895959
TRXUSDT,1826,EW_wo_NN,0.442144878766304
TRXUSDT,1826,EW_wo_LSTM,0.43536052891171706
TRXUSDT,2078,HAR,1.0
TRXUSDT,2078,HARX,0.6120933622661753
TRXUSDT,2078,RF,0.7769632309947326
TRXUSDT,2078,NN,0.5759742878855622
TRXUSDT,2078,LSTM,0.5922630840693098
TRXUSDT,2078,logHAR,0.6646925066393972
TRXUSDT,2078,EqualWeight,0.6194372065662774
TRXUSDT,2078,QLIKEComb,0.6022749356972595
TRXUSDT,2078,BestPrior,0.6120933622661753
TRXUSDT,2078,logHAR_pooled,0.6365528280183335
TRXUSDT,2078,RF_pooled,0.5633624172337599
TRXUSDT,2078,NN_pooled,0.5709681907349496
TRXUSDT,2078,Median,0.6000068390979737
TRXUSDT,2078,Trimmed,0.5888408441833408
TRXUSDT,2078,EW_wo_HAR,0.6111763927676716
TRXUSDT,2078,EW_wo_HARX,0.6377223074504275
TRXUSDT,2078,EW_wo_RF,0.6292093939983958
TRXUSDT,2078,EW_wo_NN,0.6437731385406543
TRXUSDT,2078,EW_wo_LSTM,0.639507190630911
TRXUSDT,2330,HAR,1.0
TRXUSDT,2330,HARX,0.33438506621965447
TRXUSDT,2330,RF,0.3781478499759749
TRXUSDT,2330,NN,0.3438622134479183
TRXUSDT,2330,LSTM,0.3504062828962787
TRXUSDT,2330,logHAR,0.35113512613392167
TRXUSDT,2330,EqualWeight,0.425356394442558
TRXUSDT,2330,QLIKEComb,0.33597417122381157
TRXUSDT,2330,BestPrior,0.33438506621965447
TRXUSDT,2330,logHAR_pooled,0.3476194995343147
TRXUSDT,2330,RF_pooled,0.32783173344445277
TRXUSDT,2330,NN_pooled,0.33320055600594195
TRXUSDT,2330,Median,0.3468836967232048
TRXUSDT,2330,Trimmed,0.34916523069296
TRXUSDT,2330,EW_wo_HAR,0.346362506886189
TRXUSDT,2330,EW_wo_HARX,0.46421227398706405
TRXUSDT,2330,EW_wo_RF,0.45647043095919143
TRXUSDT,2330,EW_wo_NN,0.45960220410667385
TRXUSDT,2330,EW_wo_LSTM,0.4582417128552303
TRXUSDT,2582,HAR,1.0
TRXUSDT,2582,HARX,0.10535151397955415
TRXUSDT,2582,RF,0.20940839087909385
TRXUSDT,2582,NN,0.1447511729225098
TRXUSDT,2582,LSTM,0.18387936103914507
TRXUSDT,2582,logHAR,0.1134514623249489
TRXUSDT,2582,EqualWeight,0.36577592192804753
TRXUSDT,2582,QLIKEComb,0.11743816312916514
TRXUSDT,2582,BestPrior,0.10535151397955415
TRXUSDT,2582,logHAR_pooled,0.12862178478201877
TRXUSDT,2582,RF_pooled,0.1301169519100677
TRXUSDT,2582,NN_pooled,0.13078000079986027
TRXUSDT,2582,Median,0.16608281313532972
TRXUSDT,2582,Trimmed,0.17646143953581753
TRXUSDT,2582,EW_wo_HAR,0.15452410824235774
TRXUSDT,2582,EW_wo_HARX,0.43379280086675875
TRXUSDT,2582,EW_wo_RF,0.404150472762836
TRXUSDT,2582,EW_wo_NN,0.4209905588987903
TRXUSDT,2582,EW_wo_LSTM,0.41134455970368
XLMUSDT,1826,HAR,1.0
XLMUSDT,1826,HARX,0.7946816889116749
XLMUSDT,1826,RF,0.8156175176729326
XLMUSDT,1826,NN,0.7660702540917601
XLMUSDT,1826,LSTM,0.7392766830049414
XLMUSDT,1826,logHAR,0.832696125351923
XLMUSDT,1826,EqualWeight,0.7508674035821099
XLMUSDT,1826,QLIKEComb,0.7506542572092951
XLMUSDT,1826,BestPrior,0.7392766830049414
XLMUSDT,1826,logHAR_pooled,0.8293352977008553
XLMUSDT,1826,RF_pooled,0.8910493666463902
XLMUSDT,1826,NN_pooled,0.7920614102188112
XLMUSDT,1826,Median,0.7669699348913507
XLMUSDT,1826,Trimmed,0.7579790092796287
XLMUSDT,1826,EW_wo_HAR,0.7663862528117622
XLMUSDT,1826,EW_wo_HARX,0.7555866543100928
XLMUSDT,1826,EW_wo_RF,0.7550261604040954
XLMUSDT,1826,EW_wo_NN,0.7568892590656641
XLMUSDT,1826,EW_wo_LSTM,0.7601564597598104
XLMUSDT,2078,HAR,1.0
XLMUSDT,2078,HARX,0.7674655850768806
XLMUSDT,2078,RF,0.7730549504113238
XLMUSDT,2078,NN,0.7274286355134707
XLMUSDT,2078,LSTM,0.7342413739993363
XLMUSDT,2078,logHAR,0.8465455900065911
XLMUSDT,2078,EqualWeight,0.7418244705235372
XLMUSDT,2078,QLIKEComb,0.741498155568114
XLMUSDT,2078,BestPrior,0.7342413739993363
XLMUSDT,2078,logHAR_pooled,0.8296094206744026
XLMUSDT,2078,RF_pooled,0.7587526586776323
XLMUSDT,2078,NN_pooled,0.7156296460727621
XLMUSDT,2078,Median,0.751736504441157
XLMUSDT,2078,Trimmed,0.7392601479539593
XLMUSDT,2078,EW_wo_HAR,0.730179511446911
XLMUSDT,2078,EW_wo_HARX,0.7471774343477563
XLMUSDT,2078,EW_wo_RF,0.7507659627104473
XLMUSDT,2078,EW_wo_NN,0.7531769166332763
XLMUSDT,2078,EW_wo_LSTM,0.7514135021968383
XLMUSDT,2330,HAR,1.0
XLMUSDT,2330,HARX,1.3714280628410793
XLMUSDT,2330,RF,1.202051554659258
XLMUSDT,2330,NN,1.4380297096622747
XLMUSDT,2330,LSTM,1.2508815045302388
XLMUSDT,2330,logHAR,1.1282096004005333
XLMUSDT,2330,EqualWeight,1.0988022957576749
XLMUSDT,2330,QLIKEComb,1.1714961000343023
XLMUSDT,2330,BestPrior,1.2508815045302388
XLMUSDT,2330,logHAR_pooled,1.1334129554692531
XLMUSDT,2330,RF_pooled,1.157492076239248
XLMUSDT,2330,NN_pooled,1.0975342840701359
XLMUSDT,2330,Median,1.1584781904790298
XLMUSDT,2330,Trimmed,1.1411902048581208
XLMUSDT,2330,EW_wo_HAR,1.1580630702198136
XLMUSDT,2330,EW_wo_HARX,1.105674003064174
XLMUSDT,2330,EW_wo_RF,1.08092294412082
XLMUSDT,2330,EW_wo_NN,1.0907410056221676
XLMUSDT,2330,EW_wo_LSTM,1.073014629590788
XLMUSDT,2582,HAR,1.0
XLMUSDT,2582,HARX,0.5199772993900017
XLMUSDT,2582,RF,0.4737566216563158
XLMUSDT,2582,NN,0.5219514457435671
XLMUSDT,2582,LSTM,0.568265389860659
XLMUSDT,2582,logHAR,0.5339426592566635
XLMUSDT,2582,EqualWeight,0.5691824002682117
XLMUSDT,2582,QLIKEComb,0.5826491977086905
XLMUSDT,2582,BestPrior,0.568265389860659
XLMUSDT,2582,logHAR_pooled,0.5437927514310051
XLMUSDT,2582,RF_pooled,0.4936815857751599
XLMUSDT,2582,NN_pooled,0.5035338732430078
XLMUSDT,2582,Median,0.5239332918980758
XLMUSDT,2582,Trimmed,0.5206651097300615
XLMUSDT,2582,EW_wo_HAR,0.5077980825597892
XLMUSDT,2582,EW_wo_HARX,0.5866791867379437
XLMUSDT,2582,EW_wo_RF,0.6058689475306546
XLMUSDT,2582,EW_wo_NN,0.5876090414461397
XLMUSDT,2582,EW_wo_LSTM,0.5807230390675854
