asset,model,n,QLIKE,QLIKE_rel_HAR,MSE,MSE_rel_HAR,MAE,MAE_rel_HAR,QLIKE_gain_tstat_nw,QLIKE_rel_ci_lo,QLIKE_rel_ci_hi,bias_rel,MZ_a,MZ_b
BTCUSDT,HAR,973,0.36189631631290575,1.0,6.313907643264477e-07,1.0,0.0004846027450503748,1.0,,1.0,1.0,0.36200970753131145,-0.0001484495173982271,0.900905810692262
BTCUSDT,HARX,973,0.25668901824603957,0.7092888395805029,5.619679253548712e-07,0.8900477439741534,0.0003358192443585154,0.692978419516808,5.7963815722138445,0.6026872477179874,0.8216675128696219,-0.03609481402119631,0.0001841053432798075,0.7453270566706934
BTCUSDT,RF,973,0.25641923110865894,0.7085433577250111,5.337464958827284e-07,0.8453504961418244,0.00034014732107215807,0.7019096044055622,6.76750164954328,0.6127515947612782,0.7992206444776072,-0.01857190918880058,0.00010759403363263354,0.8512523351630631
BTCUSDT,NN,973,0.2510278409309442,0.6936457477337196,5.198683599832241e-07,0.8233702318053495,0.0003357270796690656,0.6927882334512292,6.4530214613010015,0.5943944226743653,0.7995804111833974,-0.008693465084754645,8.975830674998994e-05,0.8702871786855567
BTCUSDT,LSTM,973,0.25332548852004094,0.6999946589702466,5.149870374647676e-07,0.8156391676304344,0.00033874698878221687,0.6990199544722016,7.072147182231071,0.6084953699316226,0.7873881836657561,-0.0063880112844340075,3.715112492908592e-05,0.9492439073857631
BTCUSDT,logHAR,973,0.27354077217968,0.755853983170055,5.665941979498219e-07,0.8973748587441737,0.0003493304811830178,0.7208594766558837,5.215130343411739,0.649752718530806,0.8555051756503974,-0.02624833768129535,0.00012528674350535383,0.8301739610193487
BTCUSDT,EqualWeight,973,0.2558437268399007,0.7069531114505487,5.279862401193127e-07,0.8362273728893636,0.00035089184670740594,0.7240814260573999,8.97282331748995,0.6337521642939372,0.7804929435020013,0.05845230159042517,1.7794971382029974e-05,0.9190625951203248
BTCUSDT,QLIKEComb,973,0.25643201174938013,0.7085786734774658,5.519973113724303e-07,0.8742562333189773,0.0003492630498098774,0.7207203289233768,7.850804288349541,0.6256640406166118,0.7919736453229704,0.03872522684736175,0.00010997804178332833,0.800786165603788
BTCUSDT,BestPrior,973,0.25595960447693455,0.7072733071303899,5.618404379017788e-07,0.889845828678119,0.0003353274040133742,0.6919634843969295,5.752797834186888,0.5982021102202875,0.8215775535006855,-0.037607149134046725,0.00018482816303487333,0.7453495894637392
BTCUSDT,logHAR_pooled,973,0.2728079971385203,0.7538291627777797,5.745699468799164e-07,0.9100068916795981,0.000359873441078499,0.7426153581550388,5.409543361741077,0.6533800592850141,0.8564972694012306,0.021154960068714816,0.00015309478807732643,0.7499870003423634
BTCUSDT,RF_pooled,973,0.27070765244132977,0.7480254433075475,5.462088850690174e-07,0.865088493417701,0.0003308501852509144,0.682724538047184,4.070315648140105,0.6223107491422188,0.8893751139808296,-0.08222631741093889,0.0001624800775565888,0.8188280615404746
BTCUSDT,NN_pooled,973,0.2563263718671396,0.708286766990777,5.249010492136006e-07,0.8313410313715187,0.00033745089577697326,0.6963454070857461,5.583486818472294,0.6023009040963619,0.8277206858238076,-0.0027572579839369466,0.00010344222572940682,0.8441202918969157
BTCUSDT,Median,973,0.24662965533056486,0.681492582857135,5.195271613983533e-07,0.822829839699306,0.00033568139518117175,0.6926939614142661,7.844943445870641,0.5914976117999833,0.7694735854365412,-0.0025847949847212083,5.609164113772623e-05,0.9165811948469007
BTCUSDT,Trimmed,973,0.24941270710422633,0.6891827737991593,5.231161953548853e-07,0.8285141704803568,0.0003382292550829242,0.6979515872279366,7.414541189079359,0.597601693220491,0.7815138949766834,0.006257899687276896,6.1024929208017446e-05,0.9010283791717006
BTCUSDT,EW_wo_HAR,973,0.24869299647004472,0.68719405326861,5.229364420474577e-07,0.8282294762504383,0.0003330361977095737,0.6872354750589668,7.042445962699285,0.5902163440076554,0.7834498835153523,-0.01743704989479639,8.512364783474157e-05,0.8852458077815293
BTCUSDT,EW_wo_HARX,973,0.2595117865779763,0.7170887762051579,5.255927149927287e-07,0.8324364952557046,0.0003573046873762548,0.737314617025359,9.61692727764032,0.6508803027726866,0.7821526649868171,0.08208908049333054,-2.2196797327258717e-05,0.9555113011047595
BTCUSDT,EW_wo_RF,973,0.2606545976546655,0.7202466173468761,5.300584827397364e-07,0.8395094016067686,0.00035663788375275233,0.7359386371525394,9.187145624089924,0.6526915351912463,0.7903461403033795,0.07770835428523162,1.749326127049202e-06,0.9254122715628084
BTCUSDT,EW_wo_NN,973,0.26060329794917164,0.7201048648526356,5.32645970019151e-07,0.8436074775141267,0.0003570281626556465,0.7367439955762801,9.429790905828137,0.6531476819843429,0.7866975050672806,0.07523874325922013,4.3587849070523975e-06,0.9238260525481575
BTCUSDT,EW_wo_LSTM,973,0.2607170426677702,0.7204191668045244,5.363244271984565e-07,0.8494334372638382,0.00035749581581257455,0.7377090193234721,9.057588429163774,0.6514016720444945,0.7910419670087846,0.07466237980913998,2.8214861042779057e-05,0.8903703091982862
ETHUSDT,HAR,973,0.3038659576112516,1.0,1.9073172207936471e-06,1.0,0.0007967586318200874,1.0,,1.0,1.0,0.23289090786078917,-0.00023069588182879252,0.9649414388075874
ETHUSDT,HARX,973,0.24859024060832347,0.8180917749475423,1.7700911143390454e-06,0.928052814204917,0.0006040849035651597,0.7581780472025881,3.699779085520429,0.7204006869202274,0.8841459483301868,-0.05011173959687722,0.0003149180734339536,0.7801853105386695
ETHUSDT,RF,973,0.25992130114792206,0.8553814424992292,1.742007649797743e-06,0.9133287482576612,0.0006078961364364799,0.7629614693320903,2.1434776497401127,0.7321483376464121,0.9385277373656244,-0.04126539784259899,0.00031046265803038074,0.7768071612728097
ETHUSDT,NN,973,0.2403072530921028,0.7908330863424257,1.6959500221050508e-06,0.8891808890601611,0.0006007514477050566,0.7539942759486912,3.7166613996671365,0.686745548515826,0.8748615845665517,-0.01465533460502832,0.0002511464603710232,0.8053212015732726
ETHUSDT,LSTM,973,0.2455615203925841,0.8081244846345743,1.668872398374567e-06,0.8749841820649731,0.0006065516345876445,0.7612740049041693,3.473376855613504,0.7037266735426156,0.8809148933950098,-0.014651399026132396,0.0001956407157111506,0.8516307988207072
ETHUSDT,logHAR,973,0.26307029547818267,0.8657445458722278,1.8003087083901304e-06,0.9438957970719786,0.0006190159704472554,0.7769178088892456,2.6786609015181604,0.7687977254337868,0.9285916609488555,-0.03691602807917886,0.0002785833495231692,0.8005133779166647
ETHUSDT,EqualWeight,973,0.23732455298252758,0.7810172447357422,1.6984114885807246e-06,0.8904714276495677,0.0006194568843962562,0.7774711934794991,6.118607125980373,0.7074240209385054,0.8328350658156314,0.022441407358030453,0.0001233820687808588,0.878838572508448
ETHUSDT,QLIKEComb,973,0.2462255470818846,0.8103097464997747,1.6780447660091054e-06,0.8797932235471875,0.0006000653946756703,0.75313322091648,3.362605727762537,0.7024707692950822,0.8850333098911316,-0.024757172254513116,0.00021741489080251444,0.842099494725989
ETHUSDT,BestPrior,973,0.2455615203925841,0.8081244846345743,1.668872398374567e-06,0.8749841820649731,0.0006065516345876445,0.7612740049041693,3.473376855613504,0.7037266735426156,0.8809148933950098,-0.014651399026132396,0.0001956407157111506,0.8516307988207072
ETHUSDT,logHAR_pooled,973,0.255288981309525,0.8401368265020552,1.8045346237380365e-06,0.9461114302670417,0.0006364839781331976,0.7988416475378948,3.477276436707831,0.751065605352431,0.9027205424105902,0.008133753522108957,0.0002832300818908856,0.7609518792609009
ETHUSDT,RF_pooled,973,0.25122930520264114,0.8267767379327475,1.7195660208422449e-06,0.9015626777210779,0.0005857577858914693,0.7351759522873129,2.908405833356344,0.7107243385123494,0.9074971868104145,-0.08837030001591337,0.00027716611769560106,0.8469741456579609
ETHUSDT,NN_pooled,973,0.23938056316253917,0.787783419519434,1.7030574084094692e-06,0.8929072677804565,0.0006124797009967326,0.7687142335660745,4.467530113386067,0.6941646114425878,0.8601522326045196,-0.0005704761353002602,0.00022801810092239538,0.8129978174322576
ETHUSDT,Median,973,0.24072183304782896,0.7921974377787802,1.693115619035312e-06,0.8876948210695625,0.000600241164518352,0.7533538270519671,3.932025690444902,0.6922418019151065,0.8613856505912423,-0.023226108723618695,0.00020600709327472588,0.8503815115247922
ETHUSDT,Trimmed,973,0.24128219998401998,0.7940415631970935,1.694577806958333e-06,0.8884614412767732,0.0006017109719282833,0.7551985606403233,4.046652109830838,0.6950915730472456,0.860416796156295,-0.020292326125289827,0.00019698392877545503,0.855407087857538
ETHUSDT,EW_wo_HAR,973,0.24383179991545434,0.802432104709138,1.6972998974203797e-06,0.8898886241451341,0.0005983745284784798,0.7510110397066851,3.588764783413162,0.6971633913874387,0.8745251376500277,-0.030170967767659217,0.00023900991434700286,0.8284935099275667
ETHUSDT,EW_wo_HARX,973,0.23806701686178766,0.7834606374905501,1.6902444138984e-06,0.8861894578789984,0.0006269979152765352,0.7869358300445937,6.489285420230111,0.7154813246039171,0.8331759271575301,0.04057969409675737,8.164209179178205e-05,0.8964980178302877
ETHUSDT,EW_wo_RF,973,0.2381307723231309,0.7836704519161094,1.6986845595084774e-06,0.8906145978179989,0.0006264847742352476,0.7862917942967593,6.828312419211638,0.7156090920337557,0.8311939814642365,0.03836810865818782,8.29431220141769e-05,0.897377315682664
ETHUSDT,EW_wo_NN,973,0.2393445024233798,0.7876647463405005,1.7067877630928658e-06,0.8948630801868712,0.000626650946512838,0.786500354669944,6.550121725570027,0.7188131358336646,0.8336852815585836,0.03171559284879515,9.729787189471348e-05,0.8917245976958911
ETHUSDT,EW_wo_LSTM,973,0.23914904324558886,0.7870215048950702,1.717302119140153e-06,0.9003757216775783,0.0006265317853699038,0.7863507972780622,6.546300435604666,0.71694249148428,0.8352919751512908,0.03171460895407117,0.00012428154156706077,0.8702226701409579
BNBUSDT,HAR,973,0.46227873070032816,1.0,2.0354886388454045e-05,1.0,0.0009339628905576738,1.0,,1.0,1.0,0.3859848146143854,0.0006678192819545552,0.229797419192488
BNBUSDT,HARX,973,0.36715617229713554,0.794231159501786,1.7935853279303175e-05,0.8811571303820677,0.0005722186069770893,0.6126780975584746,0.9898308757086133,0.4604238405257656,1.2116812874380558,-0.14405677739711345,6.90163559187759e-05,1.0860175454093306
BNBUSDT,RF,973,0.26859877467182774,0.5810320848309733,1.7994163984652084e-05,0.8840218334433426,0.0005834944616327819,0.6247512267691647,9.13880759845344,0.4689006948386474,0.6763010406326105,-0.11744848312439146,0.0002062028237711273,0.8946465367997889
BNBUSDT,NN,973,0.2909522942446861,0.6293871530795037,1.792519942669813e-05,0.8806337252201951,0.0005796452726461477,0.6206298756688702,5.889458538954987,0.4523932653426674,0.8208161736157783,-0.10852112634598567,3.6849390714908715e-05,1.0795494074544985
BNBUSDT,LSTM,973,0.2660231423386669,0.5754604844909385,1.779972635269267e-05,0.8744694523467964,0.0005814290550707408,0.6225397828425139,8.253218321030968,0.47629618596182655,0.6578865990950926,-0.11668969100493333,-0.00014509066448180956,1.2997288241898222
BNBUSDT,logHAR,973,0.2838937666787288,0.614118166865788,1.9165717896366858e-05,0.9415782299447408,0.0006238805442294004,0.6679928619614408,9.522677612213274,0.47850735562652047,0.7349299717311635,-0.08260221806833096,0.0006577659272070935,0.3583561116956557
BNBUSDT,EqualWeight,973,0.28526678854067594,0.617088283747149,1.797436314087487e-05,0.8830490525886951,0.0006200366783463671,0.6638772103419871,11.551850235536133,0.530881629542147,0.6968309164986282,-0.02014625265160769,8.393890716258379e-05,0.9331402928436745
BNBUSDT,QLIKEComb,973,0.26561814077725754,0.5745843862962501,1.7917303856562353e-05,0.8802458296561966,0.000569900140024436,0.610195700264007,10.390995504265867,0.4572434741244972,0.6767987181490763,-0.13681261616287718,3.971598154827154e-05,1.1115433040699665
BNBUSDT,BestPrior,973,0.3649946410626035,0.7895553414487742,1.7936216397019972e-05,0.8811749697209795,0.0005715461209982378,0.611958062548893,1.0119800286870213,0.45983520986182697,1.211432072755695,-0.14249621542362034,7.270807258934839e-05,1.0796477015824184
BNBUSDT,logHAR_pooled,973,0.2830363212217907,0.6122633433578166,1.8933342955076627e-05,0.9301620551326799,0.0006250438159088307,0.6692383843383906,9.961168404143098,0.47902539619171514,0.7369293859448138,-0.06633648330639047,0.0006129325594389901,0.40111580949229086
BNBUSDT,RF_pooled,973,0.2835561574218407,0.6133878515073967,1.804731741890765e-05,0.8866331687876517,0.0005629902506203752,0.6027972377834102,7.94897295314106,0.45377372756666495,0.7713336937567269,-0.15832643353002798,0.00020827924671789824,0.935579678850867
BNBUSDT,NN_pooled,973,0.2709073299949617,0.5860259449630123,1.795707152308573e-05,0.8821995456222034,0.0005672071820481124,0.6073123330515093,10.545941564971534,0.4481617874358982,0.7147716380521433,-0.11370329681178913,7.074195770819539e-05,1.0468372401473842
BNBUSDT,Median,973,0.2641723919983161,0.5714569467604722,1.7900154496106187e-05,0.8794033115438924,0.0005798310683281731,0.6208288082858979,10.784624340127005,0.460641720320147,0.6712605551461965,-0.10650458722500648,-1.7804377304424307e-06,1.1212334257363405
BNBUSDT,Trimmed,973,0.26294132142177423,0.5687938984850803,1.7890340182331458e-05,0.8789211514577375,0.0005784548397906193,0.6193552716481284,10.808564910006853,0.4602646618657205,0.6665611648210541,-0.09785172214922336,3.892199842073165e-06,1.104062453442608
BNBUSDT,EW_wo_HAR,973,0.26052739508067524,0.5635721000747532,1.7861791319815193e-05,0.877518595728787,0.0005683055197353751,0.6084883301905466,10.060463190156877,0.45610082230652294,0.6576589496536088,-0.12167901946810591,-2.7197177740725828e-05,1.170135436116961
BNBUSDT,EW_wo_HARX,973,0.29467097002406556,0.63743138166373,1.8047740717464123e-05,0.8866539647060565,0.0006379334299649977,0.6830393759907146,11.499181036119358,0.5561660620749224,0.7114891464662905,0.010831378534768748,0.00015230360149946732,0.8355254929382643
BNBUSDT,EW_wo_RF,973,0.29531478421944934,0.6388240786506938,1.7979154932878828e-05,0.8832844649566401,0.000634650323140955,0.6795241326579926,11.844877769757467,0.558308927479152,0.7127129683391645,0.004179304966588247,6.0547298102438745e-05,0.9343072090153992
BNBUSDT,EW_wo_NN,973,0.2938832928350044,0.6357274806690469,1.8047705725650263e-05,0.8866522456193865,0.0006351594189162445,0.68006922473867,11.356117962854714,0.5564832088671835,0.7084257923041596,0.0019474657719868197,0.00015859627408998364,0.8365246603466313
BNBUSDT,EW_wo_LSTM,973,0.2950206633321762,0.6381878372064301,1.8069048866530078e-05,0.8877007968356645,0.0006357347836475486,0.6806852714115315,12.447778990597893,0.5528898874796401,0.7179751452558931,0.003989606936723716,0.00017388357662489497,0.8192845694205055
XRPUSDT,HAR,973,0.4943667060508822,1.0,1.9752180259598857e-05,1.0,0.0016471090361656934,1.0,,1.0,1.0,0.14023807110036218,0.00012053049973783502,0.8257281456084383
XRPUSDT,HARX,973,0.4402879063367621,0.8906099479349767,1.8752246090342304e-05,0.9493760103383716,0.0013097573684206967,0.7951855886054041,1.231577289717046,0.6598280983672965,1.0477563212248162,0.02074313073498378,0.0005996317027762674,0.6946888072707788
XRPUSDT,RF,973,0.42930422130034446,0.8683922603318655,1.849709545668504e-05,0.9364584169231702,0.0013374300122873765,0.8119863244759928,1.9792623744518936,0.6801357982389326,0.9808219594382175,0.015384971705391045,0.0004877770051034145,0.7517968679408437
XRPUSDT,NN,973,0.4182277990416919,0.845986984808492,1.8118159107507576e-05,0.9172738841679412,0.001289318782249786,0.782776825298216,2.082729294765447,0.642666748566994,0.9925006197028612,0.0024068247371243395,0.00045763341237460206,0.7761189131226035
XRPUSDT,LSTM,973,0.4235905150010119,0.8568346327056545,1.8309001988840005e-05,0.9269357482672061,0.0013304961336307714,0.8077765979160885,2.0205519001557297,0.668459671393168,0.989537446285099,0.0378743501845169,0.0005096491534092913,0.7252827269300269
XRPUSDT,logHAR,973,0.4806884531990697,0.9723317677254653,1.914083660345552e-05,0.9690493075646045,0.0013625151536442463,0.8272161245718417,0.23301611349339815,0.6979700343227865,1.1575999646261457,-0.025625315921203335,0.0004668531829552656,0.793856913881282
XRPUSDT,EqualWeight,973,0.42129042017235374,0.8521820240236665,1.79679794246782e-05,0.9096706889330054,0.0013351802779686523,0.8106204559941094,2.8373135682583728,0.696949666840838,0.9583607722255495,0.04332946969247563,0.00028783857376167826,0.8246292398810463
XRPUSDT,QLIKEComb,973,0.42623440320368067,0.8621826631662589,1.7886602250644186e-05,0.9055507804993798,0.0013698832211952391,0.8316894577812477,3.2868452656232487,0.7402423417233959,0.955379885325597,0.07413754819716066,0.00020178831627514206,0.8398419877340928
XRPUSDT,BestPrior,973,0.4235905150010119,0.8568346327056545,1.8309001988840005e-05,0.9269357482672061,0.0013304961336307714,0.8077765979160885,2.0205519001557297,0.668459671393168,0.989537446285099,0.0378743501845169,0.0005096491534092913,0.7252827269300269
XRPUSDT,logHAR_pooled,973,0.4826832037283779,0.9763667290302884,1.9263336902900687e-05,0.97525116973046,0.001381969876583134,0.8390275605555677,0.19114017014672946,0.6950919123963323,1.1728779501234055,0.0004164398499936544,0.000519027381052727,0.747891198796947
XRPUSDT,RF_pooled,973,0.4747813703436788,0.9603829799468988,1.7878686456962444e-05,0.9051500250598431,0.0012143089851596165,0.7372365511310699,0.30665243635594236,0.6628383155028937,1.167792472089268,-0.11472917248169956,0.00042948048742289153,0.8942402548152938
XRPUSDT,NN_pooled,973,0.4396439073406721,0.8893072732438867,1.8147409272716365e-05,0.9187547417150251,0.0013021051599319802,0.790539746514385,1.0717807818405796,0.6331310011948986,1.0719258752711511,0.012397916071874722,0.00045888196671757585,0.7678613003569777
XRPUSDT,Median,973,0.4184065295964794,0.8463485191768059,1.796469288003043e-05,0.9095042999772255,0.0012928416759968074,0.7849156598681619,2.2773346867974635,0.660553651461544,0.9795267733912154,0.006760639365325943,0.0003855305384049501,0.8075071198818182
XRPUSDT,Trimmed,973,0.4209733203377536,0.8515405976680503,1.7980640561773902e-05,0.9103116884039143,0.001301136511806922,0.7899516566528217,2.2239567792279225,0.6649383680649069,0.9809432275263983,0.014831627578857887,0.0003783284975226271,0.8045278747307086
XRPUSDT,EW_wo_HAR,973,0.4205819940011991,0.8507490266909502,1.811068933911775e-05,0.9168957097946998,0.0012976204192009112,0.787816951221179,2.0827210812518286,0.6497642605681415,0.9863570222059616,0.01910231934050403,0.00045731816721391997,0.7635541754820799
XRPUSDT,EW_wo_HARX,973,0.4217723351144245,0.8531568367207439,1.7930467561190685e-05,0.9077715637228004,0.0013490024223385896,0.8190122163854638,3.1861226674078282,0.715686534917318,0.9508684688627879,0.048976054431848604,0.0002220803877892611,0.8506023133238662
XRPUSDT,EW_wo_RF,973,0.4234504682367572,0.8565513475196972,1.793024668537097e-05,0.9077603813714441,0.0013400898732434108,0.8136011908252335,2.8965750258934735,0.7095800657741375,0.9588688050449184,0.050315594189246804,0.00025664289186532504,0.8335533143316093
XRPUSDT,EW_wo_NN,973,0.4251497956590856,0.8599887299354814,1.7999662409527646e-05,0.9112747136246112,0.0013519880911596442,0.8208248886223941,2.9274051237268583,0.7175353047577914,0.957901171003579,0.05356013093131348,0.0002586531966987433,0.8300606235844992
XRPUSDT,EW_wo_LSTM,973,0.4240461592969775,0.8577563054040556,1.809313023940787e-05,0.9160067395909498,0.0013534635772452603,0.8217206921504052,2.9404839859374476,0.711314955204654,0.9593155464131585,0.0446932495694653,0.000270870502273856,0.8314323468613952
ADAUSDT,HAR,973,0.6322523104441342,1.0,0.0003420110899552723,1.0,0.0025792128849872033,1.0,,1.0,1.0,0.11539129843756003,0.002564116994820132,0.10746988235187076
ADAUSDT,HARX,973,0.7289131716503285,1.152883365721975,0.000323874768374833,0.946971539481918,0.0017941620435119917,0.695623868023943,-0.49174901331610943,0.5753433143667369,1.4312432173810445,-0.17867496677604539,0.0013983155995086324,0.6331603223287671
ADAUSDT,RF,973,0.644749385472017,1.0197659618184773,0.00032419841078201234,0.9479178316247304,0.001805493546689769,0.7000172638710771,-0.12649004144644024,0.6106485221251406,1.1801489784030366,-0.20030392869629293,0.0013849440785975355,0.6560244505545336
ADAUSDT,NN,973,0.6896063909704038,1.0907139121183762,0.00033092958198083824,0.9675989805597143,0.0018442595690995832,0.7150474394085284,-0.330539391430024,0.5674631397079895,1.3465489054134878,-0.19272641944309798,0.002271367483642089,0.27296417856238503
ADAUSDT,LSTM,973,0.6458032213076985,1.0214327581563842,0.00032353097247515405,0.9459663209092575,0.001772241781625067,0.6871250496384907,-0.10648452050041006,0.5657425071559,1.2276256647063348,-0.2115871257725394,0.0010798431949083026,0.7982436401695437
ADAUSDT,logHAR,973,0.6613729303523955,1.0460585424951712,0.0003422206197306066,1.0006126402958502,0.0019797545433606484,0.7675808983756961,-0.2323844628367545,0.6137789870268576,1.2383217244214022,-0.14551405984472385,0.002526151187833905,0.1555352375847439
ADAUSDT,EqualWeight,973,0.6193427374603173,0.9795816120074778,0.00032525564106251784,0.9510090479962339,0.0018905588330337425,0.7329983670747374,0.1373325958845404,0.6106134187789315,1.1521598746352002,-0.13358022845008313,0.0015823571003005133,0.5272946083042694
ADAUSDT,QLIKEComb,973,0.6951786761439138,1.0995273005101018,0.0003251598590604319,0.9507289927439364,0.0018284897965040118,0.7089332591144697,-0.4211768444235541,0.6136002774292505,1.3017628526963676,-0.18198905194138168,0.0016008001549849974,0.550760263443898
ADAUSDT,BestPrior,973,0.7113397601107456,1.1250884312483656,0.000331016559862562,0.9678532936047537,0.001844858121287587,0.7152795071806336,-0.4515656701807357,0.5783909819444156,1.359314952209149,-0.2007270326802892,0.002279597883540612,0.2721619611545956
ADAUSDT,logHAR_pooled,973,0.6651006144317452,1.0519544230127624,0.00034262486148628154,1.00179459540651,0.0020126819364021686,0.7803473486494135,-0.2444301881542062,0.6078592757917443,1.259298802495112,-0.11780274982813684,0.002510261969000026,0.156831845099791
ADAUSDT,RF_pooled,973,0.7141432619922802,1.1295225817215608,0.0003241110315858819,0.9476623451838028,0.00172469733486939,0.668691345684692,-0.4288144380328684,0.5633273651717733,1.3913250874662664,-0.24808365139981012,0.0013870744806573942,0.6967383003274019
ADAUSDT,NN_pooled,973,0.6328739702825268,1.0009832464478554,0.00032386307742232503,0.9469373565187005,0.0018125706947664676,0.7027611816445546,-0.0050420267115872715,0.5435931423602356,1.2134410208849429,-0.1608624208321398,0.001338842879034821,0.6440473549248565
ADAUSDT,Median,973,0.6418934922801909,1.0152489467840522,0.0003239896935437903,0.9473075670913512,0.0017885548409806277,0.6934498704590263,-0.07868327186862159,0.5713869826133257,1.2189609466204117,-0.1938128879061395,0.0012694883444366012,0.6998997653351997
ADAUSDT,Trimmed,973,0.6331263366033136,1.001382400893981,0.0003245805968957907,0.9490352986455464,0.001801609209959339,0.698511247538327,-0.0076327495776608465,0.5714239791816675,1.1970099721487488,-0.18950056862690554,0.0014654685875565116,0.6131778117949834
ADAUSDT,EW_wo_HAR,973,0.647146093605715,1.0235567081615224,0.0003238135377471304,0.9467925083642119,0.0017707276155751366,0.6865379844688245,-0.11668457901962316,0.5667323792852991,1.2298636943227654,-0.19582311017199397,0.001283046604119634,0.6958622249053776
ADAUSDT,EW_wo_HARX,973,0.6179489618902616,0.9773771509924178,0.00032661633015978466,0.9549875420779456,0.0019407614565631474,0.7524626865272412,0.1635479450931209,0.6327814122500188,1.1400553643318503,-0.12230654386859259,0.001828995213590291,0.42406643953673384
ADAUSDT,EW_wo_RF,973,0.6208884439268968,0.9820263740764273,0.0003257988447719963,0.9525973114339765,0.0019208654465088888,0.7447487013149049,0.12144220305714491,0.6259315429363708,1.15362433119055,-0.11689930338853072,0.0016744685865122619,0.4815321247309744
ADAUSDT,EW_wo_NN,973,0.608148181149652,0.9618757750722177,0.000324586527421528,0.9490526388017914,0.0019105794907326682,0.7407606800716442,0.3084386617039714,0.6280336188579199,1.1154100812939491,-0.11879368070182955,0.0014041935837566253,0.5878450968894927
ADAUSDT,EW_wo_LSTM,973,0.6178913795590475,0.977286076068273,0.00032660462885312016,0.9549533288403982,0.0019346635170117963,0.750098422767997,0.16533396510364243,0.6327043250920984,1.139536152192745,-0.11407850411946906,0.001802720095424889,0.4303081398376948
LTCUSDT,HAR,973,0.5098527863998723,1.0,8.063213152448587e-05,1.0,0.0016579238882969765,1.0,,1.0,1.0,0.19726643884812115,0.0014714677256289067,0.20104679072734882
LTCUSDT,HARX,973,0.4553315668453778,0.8930647806409474,7.440774982471879e-05,0.9228051946279394,0.0011509960191818768,0.6942393600252559,0.565118650287058,0.5031330276349977,1.2121227053233241,-0.12079250590664593,0.0005206474553609428,0.8318175504058297
LTCUSDT,RF,973,0.3561875728249971,0.6986086618062392,7.435918565538814e-05,0.9222029016163018,0.0011408418288610443,0.6881147180000644,6.680367228482567,0.5203393157152439,0.7981489442582839,-0.14301348064067818,0.00045013168297799425,0.895845052112187
LTCUSDT,NN,973,0.47822206564052194,0.9379610711109408,7.454492383171779e-05,0.9245064271813334,0.0011795304466302137,0.711450299351094,0.28860698488217557,0.5327561046948031,1.2749569619271262,-0.09247907115202143,0.0005571319651740587,0.7851210871996005
LTCUSDT,LSTM,973,0.3544442535217798,0.69518940167916,7.417815480971174e-05,0.9199577563838279,0.0011354589458298855,0.6848679567529675,7.526662983151449,0.52329770426952,0.7876108659346012,-0.14040191669005203,0.0003096683370141641,0.9774425638416796
LTCUSDT,logHAR,973,0.37078770750901174,0.7272446427667588,7.820759954042259e-05,0.9699309451675973,0.0012253645659867861,0.7390957900036556,6.732915667793852,0.5176516331304902,0.8515712913429307,-0.08644799412969688,0.0013517862651597169,0.33108516490262435
LTCUSDT,EqualWeight,973,0.37698698408921466,0.73940359677381,7.450265294774709e-05,0.9239821835185218,0.0012186848826120312,0.7350668454773683,9.782813435926295,0.584467044016437,0.8370057609430321,-0.05988410710825528,0.0004272846462087978,0.8291705943982309
LTCUSDT,QLIKEComb,973,0.3609760740267814,0.7080005908679522,7.43869949040521e-05,0.9225477920233663,0.0011602720638767697,0.6998343362243269,7.677546924345953,0.5136470815080076,0.824568907934698,-0.10706619216067444,0.0004779933853081835,0.843679770706441
LTCUSDT,BestPrior,973,0.4609558069398937,0.9040958865690513,7.442081754238516e-05,0.9229672605118409,0.0011594983574877602,0.6993676643858481,0.5078665525218863,0.5206308398727463,1.2183769127419013,-0.11582434308001505,0.0005169344921264302,0.8293104971801641
LTCUSDT,logHAR_pooled,973,0.36945102749648095,0.7246229448018047,7.928718276529784e-05,0.983319940403912,0.0012729884115754223,0.7678207790847619,6.8848872428286505,0.5181722651121057,0.8515710460467525,-0.03742941451265822,0.0013887370268897432,0.2944163513596133
LTCUSDT,RF_pooled,973,0.3564925375360411,0.6992068044842412,7.45102174978885e-05,0.9240759990979738,0.001115758345549785,0.6729852639350621,7.125158401089697,0.5008364162891895,0.8260993017045971,-0.16635067509623228,0.0006409281633777993,0.8028244543894797
LTCUSDT,NN_pooled,973,0.3636444672812134,0.7132342452199737,7.4379803473341e-05,0.9224586038724997,0.0011576390130399441,0.6982461747559918,6.6703485741362725,0.49017695628591007,0.8578308599727777,-0.09164090009868758,0.0005166386463667145,0.8073996433340567
LTCUSDT,Median,973,0.3630605393289828,0.7120889578589812,7.431393794505847e-05,0.9216417393417322,0.0011532984044800266,0.695628075945451,8.376714035472292,0.5208398432759055,0.8274863876556681,-0.11693398797103584,0.00037711446051743745,0.9120550522343294
LTCUSDT,Trimmed,973,0.3578777316943065,0.7019236556915208,7.427335496934511e-05,0.9211384291235094,0.0011508389361914097,0.694144613220788,8.428214633522437,0.5185762248956532,0.8107493083006049,-0.11539781769064164,0.00035979050717370974,0.9205767103375588
LTCUSDT,EW_wo_HAR,973,0.35797870686568467,0.702121703390919,7.428247518351457e-05,0.9212515380541184,0.0011412593073935337,0.6883665260205871,8.157911481425366,0.5107366222491498,0.8174690974153591,-0.12417174359734938,0.00041119722462480067,0.8995116716936473
LTCUSDT,EW_wo_HARX,973,0.38509618393076683,0.7553085796587956,7.465303559170988e-05,0.9258472296374766,0.00124330943068585,0.7499194863299669,10.062763737332828,0.6127936960364003,0.8446489142632472,-0.04465700740865767,0.00048356668189301124,0.7855548364701255
LTCUSDT,EW_wo_RF,973,0.38681213075422927,0.7586741527599625,7.459162156384593e-05,0.9250855726317294,0.0012435004748928094,0.7500347173175339,10.202904016225638,0.6107977440841287,0.8540046389447475,-0.039101763725149494,0.0004517006038704905,0.7981256743110013
LTCUSDT,EW_wo_NN,973,0.37824951429096115,0.7418798609728573,7.46196493665846e-05,0.9254331735472549,0.0012351969321360754,0.7450263192750499,9.448712901801901,0.6018671956531014,0.8287204114744448,-0.05173536609731373,0.00047408581322571513,0.7965777833945361
LTCUSDT,EW_wo_LSTM,973,0.3854928784606985,0.7560866366597836,7.471703808978592e-05,0.9266409888605799,0.0012466439443811817,0.7519307449401296,9.984640564054176,0.6055621768964635,0.8543922462875787,-0.039754654712806044,0.0005276843127407065,0.7578366636283009
TRXUSDT,HAR,973,0.813654770807616,1.0,3.257023043665953e-06,1.0,0.0007169366590219727,1.0,,1.0,1.0,1.1862587924399326,-0.000672990461610163,1.1878461308258252
TRXUSDT,HARX,973,0.2625158306626754,0.3226378558588281,3.868312020491153e-06,1.1876833441550236,0.00028172972134363455,0.3929631966762075,12.498228972243211,0.22917579123161458,0.449457651012831,-0.006420267423193691,0.00020556814621729307,0.5155171092774828
TRXUSDT,RF,973,0.3321372356702044,0.4082041273358875,3.293850359384584e-06,1.0113070479468207,0.00025769610302964153,0.35944054441459894,9.633950383477549,0.28998738814604075,0.5780909157914138,-0.2230389412668516,-8.130825274587215e-05,1.5353875683524463
TRXUSDT,NN,973,0.2654259447347337,0.32621445145743777,2.820304110095446e-06,0.8659146933517067,0.00025148027200819017,0.3507705581009811,13.594345897048601,0.2432061552473485,0.44004118079286986,-0.10885764863404265,-7.542018921780495e-05,1.3229811859846796
TRXUSDT,LSTM,973,0.28165184739274146,0.34615645049703325,3.2417410946011884e-06,0.9953080009383157,0.00027269079631475125,0.3803554928921466,14.514788705165065,0.26786817768859394,0.4536711665994184,-0.13885613756822887,-9.057909976350947e-05,1.4108387649324514
TRXUSDT,logHAR,973,0.28088806313375736,0.345217742476891,3.0699949390962206e-06,0.9425769784056479,0.0002592346202777692,0.36158650421281385,11.484692153480538,0.24102391492518532,0.49398865092141037,-0.13640954086411047,-6.065099133189949e-06,1.1746214456549016
TRXUSDT,EqualWeight,973,0.3607986672003556,0.44342967084459506,2.996518818110154e-06,0.9200176903683839,0.00033050749832777153,0.4609995794867593,18.4157303861155,0.3884013329068481,0.5260029358995761,0.1418171595095232,-0.00011260879589442924,1.1098181509037297
TRXUSDT,QLIKEComb,973,0.262535626594495,0.3226621855039427,3.4738162550249518e-06,1.0665617677408221,0.00026980008070327837,0.37632345522871297,12.827286986628897,0.2326605292118246,0.44507021601798424,-0.03140803910748897,0.00017513198552700625,0.603380308762033
TRXUSDT,BestPrior,973,0.2625158306626754,0.3226378558588281,3.868312020491153e-06,1.1876833441550236,0.00028172972134363455,0.3929631966762075,12.498228972243211,0.22917579123161458,0.449457651012831,-0.006420267423193691,0.00020556814621729307,0.5155171092774828
TRXUSDT,logHAR_pooled,973,0.27522393940034645,0.3382564071088346,3.101983789765804e-06,0.9523984780514035,0.00026590174350779724,0.3708859634413643,12.767933767222894,0.2417871514535947,0.47633452849897,-0.10221017927037372,-4.921115289681014e-05,1.2439137953565258
TRXUSDT,RF_pooled,973,0.2560892368564892,0.31473942763501606,3.0183203104322356e-06,0.9267113772197801,0.00025940900161430385,0.3618297353746469,14.158880256092962,0.23107944442556033,0.42685407161488964,-0.12474345754612831,-1.413715163302361e-05,1.1808492671394786
TRXUSDT,NN_pooled,973,0.26005830539109465,0.3196175020678198,2.8744134189120577e-06,0.882527811555411,0.000261908155523491,0.3653156136286567,13.87621967622841,0.23634717160751312,0.4331779600098889,-0.02076101071208606,9.188111406317154e-05,0.7985540971677262
TRXUSDT,Median,973,0.27381482876897334,0.33652457847348544,2.9129599550795347e-06,0.8943627097586767,0.0002559842037932686,0.35705274736889026,13.514757677217245,0.2527033058279272,0.45406054796687567,-0.10949358820597332,-9.338288113035124e-05,1.3717905001588337
TRXUSDT,Trimmed,973,0.2746424078997056,0.33754169182477917,2.978834185774261e-06,0.9145879982542046,0.00026185977406089635,0.36524813003441475,13.956805951521368,0.25672657832778706,0.4516962259267008,-0.10268328411208691,-8.395532908302033e-05,1.3364485212478934
TRXUSDT,EW_wo_HAR,973,0.27256368267210973,0.33498689180125985,3.0038362568933904e-06,0.9222643550941575,0.0002587032709042999,0.3608453656941138,13.150352476534298,0.24746362421617155,0.4581827313155889,-0.1192932487230792,2.143523711034687e-05,1.07769847918458
TRXUSDT,EW_wo_HARX,973,0.3976806718461963,0.4887584834677085,3.0511781123831354e-06,0.9367996699676008,0.0003502610373815338,0.48855227721142236,19.443225545812858,0.4388285736288258,0.5640655788937993,0.17887651624270237,-0.00029462876424830647,1.4413083669547084
TRXUSDT,EW_wo_RF,973,0.3887031472870441,0.477724904017002,2.9755055178241776e-06,0.9135660012018483,0.0003555730126119682,0.4959615443532099,19.90983701451528,0.4311538945923711,0.5464572329845098,0.2330311847036168,-0.00010877260551436912,1.0203363290390524
TRXUSDT,EW_wo_NN,973,0.3920051941325563,0.4817831938027728,3.0658294946854487e-06,0.9412980668490125,0.00035423341827875773,0.49409304688365946,19.055159269737587,0.43023227171153494,0.5607546250673847,0.2044858615454146,-0.00010505187718931578,1.0371874310334679
TRXUSDT,EW_wo_LSTM,973,0.38724978921771475,0.47593869428595503,2.9799094923700913e-06,0.9149181483886722,0.0003499045209360756,0.4880549997448962,18.90493465668715,0.424763877362726,0.5529668562471495,0.21198548377896118,-0.00010466234325625368,1.0300067848182202
XLMUSDT,HAR,973,0.4860627965747709,1.0,8.456065346869101e-05,1.0,0.0020093412955212477,1.0,,1.0,1.0,0.08343742734844706,0.001129389746101894,0.5235503465947723
XLMUSDT,HARX,973,0.5019218099218106,1.0326274988721547,7.858464431077631e-05,0.9293287254440702,0.001498776289859692,0.7459042887340307,-0.14124349874726855,0.5890321034040352,1.3344206312114655,-0.0663789050878331,0.0009500596993680089,0.6811657823936479
XLMUSDT,RF,973,0.46120710118631325,0.9488632012908355,7.682536583193611e-05,0.9085237954124973,0.0014280347038273338,0.710697932208119,0.29650714185345306,0.5639415983875867,1.1894594540755228,-0.12372820858873151,0.0004666524110966881,0.9371355944596654
XLMUSDT,NN,973,0.5118461724840027,1.0530453597578837,7.723387938561589e-05,0.9133548076731941,0.00144237252499869,0.7178335150000095,-0.19731294824080706,0.568798422926895,1.4008658799861418,-0.10818192328406628,0.0007655185918793237,0.7923861029191912
XLMUSDT,LSTM,973,0.46837701900778705,0.9636142126251721,7.686788894880552e-05,0.9090266666076111,0.0014394299848977912,0.7163690847872539,0.19437167463114796,0.5881349960189882,1.2252356742265815,-0.1360443764313933,0.0002713851108095794,1.037100855370641
XLMUSDT,logHAR,973,0.45513885468515763,0.9363787105132695,8.171767413814065e-05,0.9663794068052821,0.0015470210536074629,0.7699145272412006,0.5171119118384683,0.6223419337991392,1.116328740927517,-0.12613724832304793,0.001094039492542746,0.6646120913820153
XLMUSDT,EqualWeight,973,0.43418525718598117,0.8932698825041439,7.675911434807584e-05,0.9077403165586494,0.0015053035097164075,0.7491527263544909,0.9819562265573081,0.61538127966692,1.0788049751537405,-0.0701791972087154,0.00037722587189239045,0.9200186222536436
XLMUSDT,QLIKEComb,973,0.45229830256066833,0.930534708165206,7.685576399813943e-05,0.9088832789897449,0.001461745538107594,0.7274749896226064,0.4727009321992003,0.6009912810947816,1.149197380815802,-0.10967251447542661,0.00016588197307181108,1.051788719637765
XLMUSDT,BestPrior,973,0.46837701900778705,0.9636142126251721,7.686788894880552e-05,0.9090266666076111,0.0014394299848977912,0.7163690847872539,0.19437167463114796,0.5881349960189882,1.2252356742265815,-0.1360443764313933,0.0002713851108095794,1.037100855370641
XLMUSDT,logHAR_pooled,973,0.4554392325338707,0.9369966920803218,8.16030682734571e-05,0.9650240972140905,0.0015655314488458064,0.7791266980553886,0.5064603693484113,0.6225015808024764,1.1187490831723115,-0.10394533143364376,0.0010703790439154442,0.6582702109308599
XLMUSDT,RF_pooled,973,0.45891975485836,0.94415733541492,7.661060657730016e-05,0.9059840887542999,0.0013841983322154144,0.688881642606333,0.35334576895124936,0.5706073790150494,1.166284394763011,-0.18146094454355122,0.0003876614758962177,1.0402114284040425
XLMUSDT,NN_pooled,973,0.4317406337734846,0.8882404430372198,7.73471241437957e-05,0.9146940210488539,0.0014647535475926176,0.728972002345994,0.9274647691554175,0.5586364703243054,1.0888211106214125,-0.06786778499498253,0.0007769082483192719,0.753433778979706
XLMUSDT,Median,973,0.44763374175143383,0.920938086407472,7.669210796883292e-05,0.9069479104395585,0.0014358840400628603,0.7146043548019424,0.5460224852280045,0.5798875644160205,1.1386374143151048,-0.12613200365208563,0.0003658060808678875,0.9839339096097808
XLMUSDT,Trimmed,973,0.4414339065297995,0.90818287192629,7.648438619994374e-05,0.9044914278987028,0.0014341598821401948,0.7137462835889988,0.6733717773564397,0.5774598210189489,1.1191422718337642,-0.113556401266726,0.0003986087813388114,0.9557955303532019
XLMUSDT,EW_wo_HAR,973,0.44475408343272066,0.9150136290348736,7.65315465496022e-05,0.9050491382252429,0.0014219633128076926,0.7076763494470549,0.575175637118208,0.5648545587432405,1.1375377183944209,-0.10858335334800599,0.0005632796356305908,0.879677670297436
XLMUSDT,EW_wo_HARX,973,0.4379203791610039,0.9009543257516907,7.700333051820514e-05,0.9106283757222381,0.0015240724533908633,0.7584935703993981,0.8976326821289344,0.6288654138065971,1.0847777904684275,-0.07112927023893602,0.0002603156370221876,0.9691884468105809
XLMUSDT,EW_wo_RF,973,0.433589907192586,0.8920450407808305,7.6859039417672e-05,0.9089220135477007,0.0015335818171005962,0.7632261480510539,1.1339554054563419,0.6408689691771594,1.0619462194000118,-0.05679194436371137,0.0003797800456184262,0.9059228513438166
XLMUSDT,EW_wo_NN,973,0.43502932155605434,0.8950064160879136,7.700030898267549e-05,0.9105926435536029,0.00153031492181404,0.7616002941984317,1.0383235019194053,0.6338060945125774,1.0695428442886168,-0.06067851568987769,0.00032782607392351935,0.930865271264055
XLMUSDT,EW_wo_LSTM,973,0.4305653834793989,0.8858225449747317,7.704365003506447e-05,0.9111051875159675,0.0015338410651071555,0.7633551694408681,1.2199642150949808,0.6293048451514032,1.0540533196334068,-0.05371290240304593,0.0004537261675499933,0.8730317040806349
