asset,model,QLIKE_specific,QLIKE_pooled,pooled_over_specific
BTCUSDT,logHAR,0.27354077217968,0.2728079971385203,0.9973211487438576
BTCUSDT,RF,0.25641923110865894,0.27070765244132977,1.0557228928224032
BTCUSDT,NN,0.2510278409309442,0.2563263718671396,1.0211073437772704
ETHUSDT,logHAR,0.26307029547818267,0.255288981309525,0.9704211600381807
ETHUSDT,RF,0.25992130114792206,0.25122930520264114,0.9665591242160861
ETHUSDT,NN,0.2403072530921028,0.23938056316253917,0.9961437288403091
BNBUSDT,logHAR,0.2838937666787288,0.2830363212217907,0.9969796960779753
BNBUSDT,RF,0.26859877467182774,0.2835561574218407,1.0556867125261007
BNBUSDT,NN,0.2909522942446861,0.2709073299949617,0.9311056669899742
XRPUSDT,logHAR,0.4806884531990697,0.4826832037283779,1.0041497783357032
XRPUSDT,RF,0.42930422130034446,0.4747813703436788,1.1059322195938022
XRPUSDT,NN,0.4182277990416919,0.4396439073406721,1.051206802484321
ADAUSDT,logHAR,0.6613729303523955,0.6651006144317452,1.0056362816019146
ADAUSDT,RF,0.644749385472017,0.7141432619922802,1.107629224756004
ADAUSDT,NN,0.6896063909704038,0.6328739702825268,0.9177321709445819
LTCUSDT,logHAR,0.37078770750901174,0.36945102749648095,0.9963950260878098
LTCUSDT,RF,0.3561875728249971,0.3564925375360411,1.00085619132814
LTCUSDT,NN,0.47822206564052194,0.3636444672812134,0.7604092186632054
TRXUSDT,logHAR,0.28088806313375736,0.27522393940034645,0.9798349432502809
TRXUSDT,RF,0.3321372356702044,0.2560892368564892,0.7710344079300189
TRXUSDT,NN,0.2654259447347337,0.26005830539109465,0.979777261981667
XLMUSDT,logHAR,0.45513885468515763,0.4554392325338707,1.0006599696897354
XLMUSDT,RF,0.46120710118631325,0.45891975485836,0.9950405223118427
XLMUSDT,NN,0.5118461724840027,0.4317406337734846,0.84349684921592
